formid,exp,geogr,Location,Survey_month,Survey_day,Survey_year,date,stemp,btemp,btime,start,visibility,averagedepth,maxdepth,current,habitat,Species,Abundance,,,
5087758,N,34100101,Wreck of the Araby Maid,8,6,2014,8/6/2014,78,64,90,14,7,16,,2,10,683,4,,,
5125250,E,34040070,Ed's Place,5,3,2017,5/3/2017,N/A,77,46,14,2,6,6,2,3,683,4,,,
5048792,E,34100205,Rileys Hump Station 12,7,16,2011,7/16/2011,N/A,81,36,15,5,11,,1,3,683,3,,,
5074210,N,34040048,Allison's Barge,8,4,2011,8/4/2011,82,82,20,12,3,10,,3,10,683,3,,,
5060344,E,34100281,Riley's Hump Station 11,7,11,2012,7/11/2012,N/A,75,30,10,5,10,,1,3,683,3,,,
5073947,E,34100405,Riley's Hump Station 13   ,7,24,2013,7/24/2013,N/A,82,40,13,4,11,,3,3,683,3,,,
5102009,E,34040046,Sandbox,8,12,2015,8/12/2015,84,87,50,11,3,6,,2,1,683,3,,,
5110313,E,34040046,Sandbox,4,14,2016,4/14/2016,N/A,75,70,13,4,5,6,3,1,683,3,,,
5111870,E,34040064,Machete SE Point ,5,28,2016,5/28/2016,N/A,80,45,12,4,8,9,3,3,683,3,,,
5112592,N,34040064,Machete SE Point ,5,28,2016,5/28/2016,N/A,83,50,11,4,6,8,3,3,683,3,,,
5115695,N,34060017,East of Looe Key / Big Pine Ledges,8,7,2016,8/7/2016,N/A,N/A,30,10,3,7,7,1,3,683,3,,,
5118577,E,34040159,Hard Rock Cafe ,10,21,2016,10/21/2016,N/A,79,60,15,3,6,7,2,3,683,3,,,
5124175,E,34040047,Carlos Wall,4,2,2017,4/2/2017,N/A,74,36,11,3,10,11,2,4,683,3,,,
5124180,N,34040047,Carlos Wall,4,2,2017,4/2/2017,N/A,79,45,10,3,9,11,3,5,683,3,,,
5124492,N,34040047,Carlos Wall,4,2,2017,4/2/2017,78,77,45,11,3,9,11,3,2,683,3,,,
5125249,E,34040070,Ed's Place,5,3,2017,5/3/2017,N/A,77,58,11,2,7,7,2,3,683,3,,,
5125253,E,34040070,Ed's Place,5,3,2017,5/3/2017,N/A,77,59,11,2,7,7,2,3,683,3,,,
5128374,N,34100076,Pulaski Ledge,6,1,2017,6/1/2017,84,84,41,14,4,3,4,3,2,683,3,,,
5127747,N,34040166,The Landing Strip,6,13,2017,6/13/2017,86,84,40,10,3,4,5,2,3,683,3,,,
5130424,E,34040170,The Coffins,8,5,2017,8/5/2017,88,N/A,65,10,2,3,3,2,10,683,3,,,
5135293,E,34040047,Carlos Wall,12,16,2017,12/16/2017,N/A,76,48,13,5,8,11,3,4,683,3,,,
5136237,E,34040047,Carlos Wall,12,16,2017,12/16/2017,80,75,38,13,4,9,11,3,6,683,3,,,
5145128,N,34040064,Machete SE Point ,9,6,2018,9/6/2018,N/A,86,47,14,5,7,9,2,3,683,3,,,
5153263,N,34040166,The Landing Strip,4,6,2019,4/6/2019,78,78,51,9,4,5,5,2,3,683,3,,,
5034649,E,34080014,Cayman Salvor,6,8,2010,6/8/2010,84,81,29,12,3,10,,3,10,683,2,,,
5035715,N,34030019,Lost Reef,7,9,2010,7/9/2010,N/A,85,32,16,3,5,,3,2,683,2,,,
5035717,N,34030019,Lost Reef,7,9,2010,7/9/2010,N/A,85,32,16,3,5,,3,2,683,2,,,
5035716,N,34080018,Western Dry Rocks,7,9,2010,7/9/2010,N/A,85,43,15,3,4,,3,2,683,2,,,
5036716,E,34030118,NOAA Site-Stn 7282,7,26,2010,7/26/2010,N/A,84,33,9,4,7,,3,2,683,2,,,
5037438,E,34080003,Rock Key,8,18,2010,8/18/2010,87,87,42,16,3,4,,3,2,683,2,,,
5044563,N,34050007,Herman's Hole,8,20,2010,8/20/2010,N/A,N/A,51,10,3,4,,1,6,683,2,,,
5037816,E,34080003,Rock Key,8,26,2010,8/26/2010,86,86,46,7,3,4,,3,2,683,2,,,
5038114,E,34080003,Rock Key,9,2,2010,9/2/2010,86,86,48,16,4,4,,3,2,683,2,,,
5038196,N,34030045,White Banks,9,5,2010,9/5/2010,N/A,N/A,60,13,2,1,,2,1,683,2,,,
5038307,N,34030045,White Banks,9,6,2010,9/6/2010,N/A,N/A,75,11,2,1,,2,1,683,2,,,
5038825,N,34030112,Sam's Wreck,9,11,2010,9/11/2010,N/A,N/A,15,13,3,3,,3,10,683,2,,,
5038824,N,34030108,Southwest Channel Wreck,9,11,2010,9/11/2010,N/A,N/A,30,12,3,2,,3,10,683,2,,,
5038819,N,34030030,Sand Island,9,19,2010,9/19/2010,N/A,N/A,50,9,2,5,,3,2,683,2,,,
5039077,N,34030128,Sandy Lobster,9,19,2010,9/19/2010,N/A,N/A,60,10,3,5,,3,2,683,2,,,
5038838,N,34030008,French Reef,9,22,2010,9/22/2010,N/A,N/A,60,9,4,6,,3,1,683,2,,,
5039095,E,34080004,Sand Key,9,27,2010,9/27/2010,83,83,60,16,3,5,,3,1,683,2,,,
5039775,N,34030011,Benwood Wreck,10,20,2010,10/20/2010,N/A,80,60,9,3,6,,3,10,683,2,,,
5041638,N,34030011,Benwood Wreck,10,20,2010,10/20/2010,N/A,82,63,9,3,4,,3,10,683,2,,,
5043930,E,34080009,Nine Foot Stake,3,12,2011,3/12/2011,71,71,36,16,2,4,,2,2,683,2,,,
5045273,E,34080003,Rock Key,4,21,2011,4/21/2011,80,79,36,16,2,4,,3,3,683,2,,,
5046365,E,34080014,Cayman Salvor,5,19,2011,5/19/2011,N/A,77,32,11,2,9,,3,10,683,2,,,
5046927,E,34050069,NOAA Site-Stn E181,6,5,2011,6/5/2011,N/A,81,35,9,4,11,,2,2,683,2,,,
5047395,E,34080040,Ball & Chain,6,12,2011,6/12/2011,82,82,48,16,3,4,,3,8,683,2,,,
5047932,E,34080094,Western Sambos Deep (HV monitoring site),6,27,2011,6/27/2011,84,84,68,9,3,5,,3,2,683,2,,,
5048056,E,34080094,Western Sambos Deep (HV monitoring site),6,27,2011,6/27/2011,84,84,68,10,4,5,,2,1,683,2,,,
5050468,E,34080094,Western Sambos Deep (HV monitoring site),6,27,2011,6/27/2011,N/A,84,40,10,3,6,,3,2,683,2,,,
5048083,E,34080096,Eastern Dry Rocks Deep (HV Monitoring Site),6,29,2011,6/29/2011,N/A,84,34,15,2,8,,3,3,683,2,,,
5048288,E,34080096,Eastern Dry Rocks Deep (HV Monitoring Site),6,29,2011,6/29/2011,N/A,84,35,15,3,8,,3,5,683,2,,,
5048734,E,34100096,Dry Tortugas North Reserve Station OS7675,7,13,2011,7/13/2011,N/A,86,41,15,3,8,,2,3,683,2,,,
5048765,E,34100281,Riley's Hump Station 11,7,14,2011,7/14/2011,N/A,79,33,14,5,11,,1,3,683,2,,,
5048786,E,34100321,Riley's Hump Jim 2,7,15,2011,7/15/2011,N/A,82,34,15,5,11,,1,3,683,2,,,
5048788,E,34100284,Riley's Hump Station 18,7,16,2011,7/16/2011,N/A,79,34,9,5,12,,1,3,683,2,,,
5048795,E,34100205,Rileys Hump Station 12,7,17,2011,7/17/2011,N/A,N/A,34,13,5,12,,1,3,683,2,,,
5048793,E,34100201,Rileys Hump Station 15 (Grouper Ledge),7,17,2011,7/17/2011,N/A,81,35,9,5,12,,2,3,683,2,,,
5051641,N,34030109,C-D Wreck (Southwest Channel),8,7,2011,8/7/2011,N/A,N/A,15,10,2,3,,3,10,683,2,,,
5051640,N,34030108,Southwest Channel Wreck,8,7,2011,8/7/2011,N/A,N/A,30,21,2,2,,3,10,683,2,,,
5050344,E,34080040,Ball & Chain,8,22,2011,8/22/2011,86,86,44,16,3,4,,3,2,683,2,,,
5050343,E,34080009,Nine Foot Stake,8,22,2011,8/22/2011,86,86,42,15,3,4,,3,2,683,2,,,
5051876,E,34080008,Eastern Dry Rocks Shallow,10,9,2011,10/9/2011,83,83,44,15,3,4,,3,2,683,2,,,
5052927,N,34030011,Benwood Wreck,11,5,2011,11/5/2011,79,79,59,11,4,6,,1,10,683,2,,,
5053237,E,34080008,Eastern Dry Rocks Shallow,11,30,2011,11/30/2011,74,74,42,15,3,3,,3,2,683,2,,,
5053238,E,34080003,Rock Key,11,30,2011,11/30/2011,74,74,31,16,3,4,,3,2,683,2,,,
5053614,E,34080003,Rock Key,12,12,2011,12/12/2011,74,74,38,16,3,4,,2,1,683,2,,,
5055826,E,34080040,Ball & Chain,2,25,2012,2/25/2012,74,74,46,16,3,4,,3,2,683,2,,,
5057500,N,34040003,Davis Reef,4,24,2012,4/24/2012,74,77,49,20,1,4,,3,6,683,2,,,
5058253,E,34080008,Eastern Dry Rocks Shallow,5,23,2012,5/23/2012,82,82,42,15,2,4,,3,2,683,2,,,
5059562,N,34030008,French Reef,6,22,2012,6/22/2012,81,81,46,15,3,7,,2,2,683,2,,,
5059440,E,34030148,NOAA Site-Stn 2451,6,22,2012,6/22/2012,N/A,81,33,12,3,7,,2,3,683,2,,,
5059829,E,34080008,Eastern Dry Rocks Shallow,7,1,2012,7/1/2012,82,82,47,15,2,4,,3,2,683,2,,,
5060345,E,34100209,Rileys Hump Station 8,7,11,2012,7/11/2012,N/A,77,30,13,3,11,,2,3,683,2,,,
5060351,E,34100278,Riley's Hump Station 10,7,12,2012,7/12/2012,N/A,81,34,10,5,11,,1,3,683,2,,,
5060353,E,34100207,Rileys Hump Station 3,7,12,2012,7/12/2012,N/A,81,36,17,5,11,,2,3,683,2,,,
5060359,E,34100321,Riley's Hump Jim 2,7,13,2012,7/13/2012,N/A,82,36,16,5,11,,2,3,683,2,,,
5073942,E,34100203,Rileys Hump Station 5,7,23,2012,7/23/2012,N/A,81,36,11,3,10,,3,3,683,2,,,
5061528,E,34100377,NOAA Stn E262,7,27,2012,7/27/2012,N/A,82,34,16,4,6,,2,2,683,2,,,
5061049,E,34080040,Ball & Chain,7,29,2012,7/29/2012,85,85,46,7,5,4,,3,2,683,2,,,
5061582,E,34100382,NOAA Stn D032,7,29,2012,7/29/2012,N/A,84,30,9,4,4,,3,6,683,2,,,
5061643,E,34100397,NOAA Stn 5932,8,1,2012,8/1/2012,N/A,79,34,9,3,9,,3,2,683,2,,,
5061645,E,34100399,NOAA Stn 8032,8,1,2012,8/1/2012,N/A,82,38,13,4,8,,1,6,683,2,,,
5061509,E,34080121,Thirteen Foot Hump,8,1,2012,8/1/2012,84,84,62,11,3,4,,3,3,683,2,,,
5061394,E,34080096,Eastern Dry Rocks Deep (HV Monitoring Site),8,3,2012,8/3/2012,89,87,30,15,2,8,,2,4,683,2,,,
5061419,E,34080096,Eastern Dry Rocks Deep (HV Monitoring Site),8,3,2012,8/3/2012,N/A,88,44,15,3,8,,2,2,683,2,,,
5061527,E,34080096,Eastern Dry Rocks Deep (HV Monitoring Site),8,3,2012,8/3/2012,84,84,30,15,3,8,,3,4,683,2,,,
5061799,E,34080096,Eastern Dry Rocks Deep (HV Monitoring Site),8,3,2012,8/3/2012,87,87,30,15,2,8,,3,3,683,2,,,
5061974,E,34080096,Eastern Dry Rocks Deep (HV Monitoring Site),8,3,2012,8/3/2012,N/A,86,30,15,2,6,,3,4,683,2,,,
5061506,N,34080008,Eastern Dry Rocks Shallow,8,3,2012,8/3/2012,90,90,60,16,2,4,,3,2,683,2,,,
5061529,E,34080008,Eastern Dry Rocks Shallow,8,3,2012,8/3/2012,84,84,60,16,3,4,,3,2,683,2,,,
5061563,E,34080008,Eastern Dry Rocks Shallow,8,3,2012,8/3/2012,88,86,60,16,3,4,,3,2,683,2,,,
5062351,N,34080008,Eastern Dry Rocks Shallow,8,3,2012,8/3/2012,N/A,88,67,16,2,3,,2,2,683,2,,,
5062591,E,34040228,NOAA Site-Stn 1572   ,8,30,2012,8/30/2012,N/A,82,35,11,2,9,,3,3,683,2,,,
5062700,E,34040003,Davis Reef,8,31,2012,8/31/2012,N/A,82,33,13,3,6,,3,3,683,2,,,
5064513,N,34030033,The Slab,9,29,2012,9/29/2012,85,84,60,11,3,4,,3,2,683,2,,,
5064369,E,34080037,All Alone Shrimpboat,10,18,2012,10/18/2012,N/A,82,57,16,3,5,,3,2,683,2,,,
5064335,E,34080026,Eye of the Needle Reef,10,18,2012,10/18/2012,82,82,46,16,4,5,,3,2,683,2,,,
5064368,E,34080121,Thirteen Foot Hump,10,18,2012,10/18/2012,N/A,82,53,14,3,4,,3,2,683,2,,,
5067526,N,34040007,Wreck of the Eagle,1,29,2013,1/29/2013,75,75,21,9,3,8,,1,10,683,2,,,
5069005,N,33020232,Bisc W12,2,3,2013,2/3/2013,75,N/A,45,11,4,7,,2,2,683,2,,,
5069017,N,34030156,FKNMS P7,2,4,2013,2/4/2013,N/A,70,30,15,3,4,,2,3,683,2,,,
5069130,N,34030167,FKNMS P14,2,6,2013,2/6/2013,N/A,75,30,14,2,3,,3,3,683,2,,,
5069132,N,34030155,FKNMS P6,2,6,2013,2/6/2013,N/A,75,30,13,3,4,,3,3,683,2,,,
5069929,E,34080003,Rock Key,2,24,2013,2/24/2013,76,75,104,11,3,5,,3,2,683,2,,,
5068348,N,34030011,Benwood Wreck,2,28,2013,2/28/2013,76,76,55,10,4,5,,3,10,683,2,,,
5069187,E,34080003,Rock Key,4,1,2013,4/1/2013,71,71,44,16,3,4,,3,2,683,2,,,
5069550,N,34040024,The Pillars,4,17,2013,4/17/2013,81,79,47,13,4,4,,3,1,683,2,,,
5069560,N,34040024,The Pillars,4,17,2013,4/17/2013,81,81,50,14,4,4,,3,1,683,2,,,
5069793,E,34080003,Rock Key,4,25,2013,4/25/2013,76,76,38,15,4,4,,2,2,683,2,,,
5070485,N,34040019,Crocker Reef,5,19,2013,5/19/2013,78,N/A,55,14,4,7,,3,4,683,2,,,
5072262,E,34080019,Lost Reef/High Rocks,6,22,2013,6/22/2013,84,84,43,16,4,4,,3,2,683,2,,,
5073943,E,34100281,Riley's Hump Station 11,7,23,2013,7/23/2013,N/A,82,42,9,4,10,,3,3,683,2,,,
5073949,E,34100205,Rileys Hump Station 12,7,25,2013,7/25/2013,N/A,81,35,11,3,11,,2,3,683,2,,,
5073950,E,34100284,Riley's Hump Station 18,7,25,2013,7/25/2013,N/A,82,39,13,4,11,,2,3,683,2,,,
5074163,N,34070012,Cove,7,26,2013,7/26/2013,84,N/A,35,9,3,7,,2,2,683,2,,,
5074162,N,34070014,Gunsight,7,26,2013,7/26/2013,84,N/A,31,11,3,4,,3,10,683,2,,,
5073953,E,34100203,Rileys Hump Station 5,7,26,2013,7/26/2013,N/A,82,34,12,3,11,,3,3,683,2,,,
5073952,E,34100282,Riley's Hump Station 6,7,26,2013,7/26/2013,N/A,81,36,10,3,10,,2,3,683,2,,,
5078572,N,34040009,Crockers Wall,7,28,2013,7/28/2013,N/A,N/A,45,10,4,7,,3,5,683,2,,,
5074301,N,34030038,Spiegel Grove Wreck,7,28,2013,7/28/2013,82,81,34,8,3,11,,2,10,683,2,,,
5074347,N,34070013,Cove Point,8,6,2013,8/6/2013,84,79,45,14,2,7,,2,1,683,2,,,
5074940,E,34040110,Betty's Bump,8,9,2013,8/9/2013,N/A,84,50,17,2,6,,2,3,683,2,,,
5074939,E,34040154,Hammerhead Highway,8,9,2013,8/9/2013,N/A,86,46,15,3,6,,2,3,683,2,,,
5075080,N,34040156,Dan's Day Off,8,14,2013,8/14/2013,83,83,51,10,3,8,,2,2,683,2,,,
5075079,N,34040157,Davis Mound,8,14,2013,8/14/2013,83,83,52,12,3,8,,2,2,683,2,,,
5075078,N,34040158,Jawfish Junction,8,14,2013,8/14/2013,84,84,66,14,3,5,,3,9,683,2,,,
5075659,N,34050023,The Gap,8,14,2013,8/14/2013,84,84,55,9,3,5,,2,1,683,2,,,
5075725,N,34040002,Alligator Reef (Florida Keys),9,4,2013,9/4/2013,88,83,70,16,3,4,,2,1,683,2,,,
5075722,N,34040048,Allison's Barge,9,4,2013,9/4/2013,88,80,27,14,3,9,,2,10,683,2,,,
5075899,N,34040159,Hard Rock Cafe ,9,7,2013,9/7/2013,N/A,82,81,16,2,6,,2,1,683,2,,,
5075901,N,34040159,Hard Rock Cafe ,9,8,2013,9/8/2013,82,82,65,12,2,7,,1,1,683,2,,,
5075900,N,34040160,Staghorn Forest,9,8,2013,9/8/2013,82,82,60,11,3,6,,1,1,683,2,,,
5077365,N,34080123,Emitina,9,25,2013,9/25/2013,N/A,N/A,30,16,4,9,,3,4,683,2,,,
5077366,N,34080123,Emitina,9,25,2013,9/25/2013,N/A,N/A,30,14,4,9,,3,4,683,2,,,
5076779,N,34040047,Carlos Wall,10,3,2013,10/3/2013,81,81,45,14,3,10,,2,1,683,2,,,
5076781,N,34040045,Canyon Lands,10,4,2013,10/4/2013,81,81,65,13,3,7,,2,1,683,2,,,
5076794,N,34040002,Alligator Reef (Florida Keys),10,6,2013,10/6/2013,82,82,139,14,3,4,,2,1,683,2,,,
5077408,N,34040002,Alligator Reef (Florida Keys),10,20,2013,10/20/2013,81,81,143,14,3,4,,2,1,683,2,,,
5078804,N,34040002,Alligator Reef (Florida Keys),10,20,2013,10/20/2013,N/A,84,91,14,3,4,,3,1,683,2,,,
5077795,N,34040002,Alligator Reef (Florida Keys),11,1,2013,11/1/2013,79,79,136,15,3,4,,2,1,683,2,,,
5077949,N,34040002,Alligator Reef (Florida Keys),11,1,2013,11/1/2013,77,77,62,18,3,4,,2,1,683,2,,,
5078368,N,34040162,Alligator Mound A5,11,7,2013,11/7/2013,77,77,62,12,3,9,,1,4,683,2,,,
5080053,N,34040163,Islamorada Fingers,11,10,2013,11/10/2013,80,N/A,35,9,4,7,,3,3,683,2,,,
5078379,N,34040002,Alligator Reef (Florida Keys),11,12,2013,11/12/2013,75,75,123,12,3,4,,2,1,683,2,,,
5078364,N,34040207,Les's Bluff / The Bluff,11,20,2013,11/20/2013,77,77,85,11,3,7,,2,1,683,2,,,
5078632,N,34030011,Benwood Wreck,11,27,2013,11/27/2013,N/A,80,60,15,3,5,,3,10,683,2,,,
5078635,N,34030011,Benwood Wreck,11,27,2013,11/27/2013,80,80,66,15,3,5,,3,10,683,2,,,
5078658,N,34040010,Crocker Ridges / Baby Grand,11,29,2013,11/29/2013,75,74,50,9,4,7,,3,3,683,2,,,
5078950,N,34040010,Crocker Ridges / Baby Grand,11,30,2013,11/30/2013,79,67,48,9,3,10,,3,3,683,2,,,
5078122,N,34040002,Alligator Reef (Florida Keys),12,3,2013,12/3/2013,79,72,132,12,3,4,,3,1,683,2,,,
5078778,N,34040002,Alligator Reef (Florida Keys),12,3,2013,12/3/2013,79,72,125,12,3,4,,3,1,683,2,,,
5078790,E,34040002,Alligator Reef (Florida Keys),12,3,2013,12/3/2013,79,79,120,12,3,4,,3,6,683,2,,,
5079462,N,34030033,The Slab,12,3,2013,12/3/2013,N/A,78,62,11,3,5,,3,2,683,2,,,
5085173,N,34030033,The Slab,12,3,2013,12/3/2013,79,79,63,11,3,5,,2,3,683,2,,,
5078855,N,34040010,Crocker Ridges / Baby Grand,12,7,2013,12/7/2013,81,76,42,13,3,7,,3,1,683,2,,,
5079784,E,34040047,Carlos Wall,1,6,2014,1/6/2014,78,74,40,12,3,11,,3,4,683,2,,,
5079956,E,34070012,Cove,1,13,2014,1/13/2014,81,75,71,11,3,7,,3,1,683,2,,,
5079963,E,34040163,Islamorada Fingers,1,15,2014,1/15/2014,74,69,65,12,3,7,,3,1,683,2,,,
5079960,E,34040160,Staghorn Forest,1,16,2014,1/16/2014,81,75,62,13,3,7,,3,3,683,2,,,
5080777,E,34040052,Black Hamlet,2,17,2014,2/17/2014,75,70,52,12,4,7,,2,3,683,2,,,
5080778,E,34040051,Coral Gardens,2,17,2014,2/17/2014,75,69,64,14,4,5,,3,1,683,2,,,
5080930,E,34040034,Purvis Reef,2,22,2014,2/22/2014,82,73,71,11,3,7,,2,3,683,2,,,
5080931,E,34040034,Purvis Reef,2,22,2014,2/22/2014,81,73,71,11,3,7,,2,3,683,2,,,
5084514,E,34100426,NOAA Site-Stn 22632,6,6,2014,6/6/2014,N/A,81,32,13,2,5,,2,2,683,2,,,
5084533,E,34090103,NOAA Site-Stn 20542,6,10,2014,6/10/2014,N/A,81,40,15,3,10,,3,4,683,2,,,
5084530,E,34090100,NOAA Site-Stn 29012,6,10,2014,6/10/2014,N/A,81,39,8,3,8,,2,2,683,2,,,
5085999,E,34080023,Marker 32 (Toppino Buoy) Shallow,7,7,2014,7/7/2014,82,82,30,7,3,7,,3,1,683,2,,,
5085904,E,34080095,Marker 32 Deep (HV Monitoring Site),7,7,2014,7/7/2014,84,84,30,14,2,7,,3,2,683,2,,,
5085905,E,34080095,Marker 32 Deep (HV Monitoring Site),7,7,2014,7/7/2014,88,86,30,14,2,6,,2,4,683,2,,,
5085907,E,34080095,Marker 32 Deep (HV Monitoring Site),7,7,2014,7/7/2014,86,83,30,14,2,7,,3,3,683,2,,,
5085949,E,34080095,Marker 32 Deep (HV Monitoring Site),7,7,2014,7/7/2014,82,82,30,14,3,8,,3,4,683,2,,,
5086024,E,34080095,Marker 32 Deep (HV Monitoring Site),7,7,2014,7/7/2014,84,84,30,14,3,8,,3,1,683,2,,,
5086116,E,34080095,Marker 32 Deep (HV Monitoring Site),7,7,2014,7/7/2014,88,84,30,14,3,7,,3,2,683,2,,,
5086440,E,34080095,Marker 32 Deep (HV Monitoring Site),7,7,2014,7/7/2014,N/A,89,35,14,3,8,,2,2,683,2,,,
5086730,E,34080095,Marker 32 Deep (HV Monitoring Site),7,7,2014,7/7/2014,84,84,30,14,2,8,,3,4,683,2,,,
5086789,E,34080095,Marker 32 Deep (HV Monitoring Site),7,7,2014,7/7/2014,85,85,30,14,3,9,,3,6,683,2,,,
5087225,E,34100446,NOAA Site-Stn 20992,7,20,2014,7/20/2014,N/A,86,35,17,3,9,,2,4,683,2,,,
5087237,E,34100458,NOAA Site-Stn 23602,7,23,2014,7/23/2014,N/A,84,32,12,4,8,,2,3,683,2,,,
5087242,E,34100463,NOAA Site-Stn 26432,7,24,2014,7/24/2014,N/A,86,36,15,3,6,,2,2,683,2,,,
5089210,E,33020233,Bisc W13,9,17,2014,9/17/2014,83,83,52,12,4,8,,2,2,683,2,,,
5089432,E,34030164,FKNMS P11,9,25,2014,9/25/2014,81,81,44,16,1,3,,2,1,683,2,,,
5089334,E,34060016,Looe Key SPA - unspecified location,9,25,2014,9/25/2014,N/A,84,27,9,4,5,,2,3,683,2,,,
5091321,E,34050088,Henry’s Light,9,26,2014,9/26/2014,86,84,55,12,3,6,,2,3,683,2,,,
5089656,E,34040008,Tennessee Reef Research,9,28,2014,9/28/2014,83,83,65,12,4,5,,2,3,683,2,,,
5100692,E,34040156,Dan's Day Off,10,17,2014,10/17/2014,86,82,44,12,4,8,,2,1,683,2,,,
5100348,E,34040165,Lizard's Lair,10,17,2014,10/17/2014,85,82,55,14,4,5,,3,1,683,2,,,
5090932,E,34040034,Purvis Reef,11,7,2014,11/7/2014,75,73,62,11,3,5,,3,3,683,2,,,
5080766,N,34040163,Islamorada Fingers,1,8,2014,1/8/2014,74,74,45,8,4,8,,2,2,683,2,,,
5080767,N,34040205,Jumping Mackerel (Jumpin Mac),1,8,2014,1/8/2014,74,74,45,10,3,6,,2,2,683,2,,,
5080765,N,34040207,Les's Bluff / The Bluff,1,9,2014,1/9/2014,74,74,46,10,3,6,,2,2,683,2,,,
5079881,N,34060006,Looe Key - Marker 14,1,10,2014,1/10/2014,77,75,60,10,3,3,,3,2,683,2,,,
5081472,N,34040206,Crater Junior (Crater Jr.),1,11,2014,1/11/2014,73,72,41,10,3,6,,2,2,683,2,,,
5081392,N,34040160,Staghorn Forest,1,12,2014,1/12/2014,81,75,68,14,3,6,,3,1,683,2,,,
5080743,N,34040100,Conch Reef Research Only/Aquarius Habitat,2,11,2014,2/11/2014,78,78,20,11,4,7,,3,10,683,2,,,
5081002,N,34040034,Purvis Reef,2,22,2014,2/22/2014,84,75,72,11,3,6,,3,1,683,2,,,
5081008,N,34070009,Long Key Reef 6 Bridge Spans/Pipe,2,25,2014,2/25/2014,79,74,47,14,4,4,,3,3,683,2,,,
5081706,N,34030164,FKNMS P11,3,14,2014,3/14/2014,76,76,35,15,2,3,,3,2,683,2,,,
5081712,N,34030153,FKNMS P4,3,15,2014,3/15/2014,75,75,27,15,3,3,,3,2,683,2,,,
5081653,N,34030154,FKNMS P5,3,15,2014,3/15/2014,75,75,30,14,2,4,,3,2,683,2,,,
5081652,N,34030155,FKNMS P6,3,15,2014,3/15/2014,74,74,29,12,2,4,,3,2,683,2,,,
5081944,N,33020204,60-d,3,19,2014,3/19/2014,N/A,73,25,11,3,3,,2,3,683,2,,,
5081949,N,33020208,60-4b,3,20,2014,3/20/2014,N/A,73,24,12,3,7,,2,3,683,2,,,
5082041,N,33020540,Bisc P12a,3,21,2014,3/21/2014,N/A,75,23,16,2,3,,2,2,683,2,,,
5082469,N,34030152,FKNMS P2,3,31,2014,3/31/2014,78,76,30,15,2,3,,3,3,683,2,,,
5085302,N,34030180,Whitmore Bight,4,9,2014,4/9/2014,N/A,N/A,33,10,2,1,,3,1,683,2,,,
5083068,N,34030001,Anchor Chain E6,4,27,2014,4/27/2014,80,80,64,14,4,4,,3,1,683,2,,,
5083106,N,34030001,Anchor Chain E6,4,27,2014,4/27/2014,N/A,79,63,14,4,4,,3,2,683,2,,,
5083940,N,34040045,Canyon Lands,5,23,2014,5/23/2014,83,79,48,16,3,7,,3,1,683,2,,,
5084137,N,34040019,Crocker Reef,5,24,2014,5/24/2014,83,81,64,12,3,7,,3,1,683,2,,,
5173787,N,34030108,Southwest Channel Wreck,6,22,2014,6/22/2014,N/A,N/A,15,9,3,3,3,2,10,683,2,,,
5087116,N,34030082,Patch Reef SW Carysfort,7,27,2014,7/27/2014,N/A,N/A,30,15,4,1,,3,8,683,2,,,
5094162,N,34040163,Islamorada Fingers,2,8,2015,2/8/2015,N/A,N/A,45,11,3,7,,2,4,683,2,,,
5094634,N,34040007,Wreck of the Eagle,3,1,2015,3/1/2015,80,74,31,10,3,12,,1,10,683,2,,,
5099966,N,33020206,60-2b,3,20,2015,3/20/2015,76,75,35,10,4,7,,2,5,683,2,,,
5095576,E,34030163,FKNMS W12,3,24,2015,3/24/2015,N/A,73,47,10,3,7,,2,3,683,2,,,
5095581,E,34030164,FKNMS P11,3,25,2015,3/25/2015,N/A,76,48,17,2,3,,2,1,683,2,,,
5095922,E,34030177,Northstar (Molasses Reef),3,27,2015,3/27/2015,N/A,77,65,11,3,4,,3,2,683,2,,,
5095973,N,34040002,Alligator Reef (Florida Keys),3,31,2015,3/31/2015,N/A,77,120,16,4,4,,3,6,683,2,,,
5095978,N,34040002,Alligator Reef (Florida Keys),3,31,2015,3/31/2015,N/A,77,120,16,4,4,,3,6,683,2,,,
5095934,N,34040002,Alligator Reef (Florida Keys),4,1,2015,4/1/2015,82,77,71,17,3,4,,3,1,683,2,,,
5096798,N,34040002,Alligator Reef (Florida Keys),4,1,2015,4/1/2015,N/A,75,64,17,4,4,,3,1,683,2,,,
5096444,N,34040060,Buffalo Run,4,1,2015,4/1/2015,N/A,75,40,14,4,8,,3,1,683,2,,,
5096796,N,34040060,Buffalo Run,4,1,2015,4/1/2015,N/A,75,41,15,3,9,,3,3,683,2,,,
5096854,N,34040025,The Garden (Rocky Top Reef),4,27,2015,4/27/2015,84,81,27,14,3,4,,3,2,683,2,,,
5098288,E,34040056,San Felipe - El Terri,5,31,2015,5/31/2015,N/A,81,74,15,2,3,,3,9,683,2,,,
5099342,E,34040048,Allison's Barge,6,21,2015,6/21/2015,N/A,83,11,12,5,9,,2,10,683,2,,,
5099421,E,34040048,Allison's Barge,6,21,2015,6/21/2015,80,80,15,13,3,9,,2,10,683,2,,,
5099738,E,34040017,Hammerhead Reef,6,27,2015,6/27/2015,84,83,50,9,5,8,,3,1,683,2,,,
5099835,N,34040017,Hammerhead Reef,6,27,2015,6/27/2015,84,80,50,8,4,7,,3,3,683,2,,,
5101392,E,34040017,Hammerhead Reef,6,27,2015,6/27/2015,86,84,46,9,4,7,,3,1,683,2,,,
5099836,N,34040207,Les's Bluff / The Bluff,6,27,2015,6/27/2015,84,82,50,10,3,6,,3,3,683,2,,,
5100127,E,34100405,Riley's Hump Station 13   ,7,2,2015,7/2/2015,N/A,82,33,15,4,10,,1,3,683,2,,,
5100003,E,34040045,Canyon Lands,7,4,2015,7/4/2015,N/A,83,46,12,3,6,,3,2,683,2,,,
5100135,E,34100095,Dry Tortugas North Reserve Station RS8233,7,5,2015,7/5/2015,N/A,81,38,8,3,12,,3,2,683,2,,,
5100091,E,34080095,Marker 32 Deep (HV Monitoring Site),7,6,2015,7/6/2015,86,86,30,14,2,8,,3,2,683,2,,,
5100483,E,34080095,Marker 32 Deep (HV Monitoring Site),7,6,2015,7/6/2015,88,86,30,14,3,9,,3,2,683,2,,,
5100139,E,34100205,Rileys Hump Station 12,7,6,2015,7/6/2015,N/A,84,36,13,6,11,,3,3,683,2,,,
5100630,E,34080094,Western Sambos Deep (HV monitoring site),7,9,2015,7/9/2015,88,86,30,10,4,8,,2,2,683,2,,,
5100321,E,34080096,Eastern Dry Rocks Deep (HV Monitoring Site),7,10,2015,7/10/2015,86,86,30,10,3,9,,3,2,683,2,,,
5100406,E,34080096,Eastern Dry Rocks Deep (HV Monitoring Site),7,10,2015,7/10/2015,85,85,30,10,2,8,,3,4,683,2,,,
5100641,E,34080096,Eastern Dry Rocks Deep (HV Monitoring Site),7,10,2015,7/10/2015,88,86,30,10,3,9,,2,2,683,2,,,
5100726,E,34080096,Eastern Dry Rocks Deep (HV Monitoring Site),7,10,2015,7/10/2015,86,86,30,10,3,9,,3,2,683,2,,,
5102010,E,34040064,Machete SE Point ,8,12,2015,8/12/2015,83,85,60,12,3,9,,2,3,683,2,,,
5104043,N,34040100,Conch Reef Research Only/Aquarius Habitat,9,28,2015,9/28/2015,N/A,86,60,13,3,7,,3,1,683,2,,,
5104977,N,34090020,East Wall ,10,7,2015,10/7/2015,N/A,84,59,9,3,8,,3,1,683,2,,,
5105147,E,33020233,Bisc W13,10,27,2015,10/27/2015,81,79,31,13,3,7,,2,6,683,2,,,
5105074,N,34040134,Conch Wall,10,30,2015,10/30/2015,82,82,48,14,3,8,,1,5,683,2,,,
5106537,N,34040008,Tennessee Reef Research,12,11,2015,12/11/2015,80,79,50,11,3,5,,2,1,683,2,,,
5106542,N,34040008,Tennessee Reef Research,12,11,2015,12/11/2015,80,79,66,14,3,5,,2,1,683,2,,,
5110471,N,34030031,The Elbow Reef,12,18,2015,12/18/2015,50,44,45,10,3,5,5,3,1,683,2,,,
5109209,N,34040002,Alligator Reef (Florida Keys),3,2,2016,3/2/2016,N/A,N/A,60,14,4,5,5,3,1,683,2,,,
5109557,N,34040067,Boink West,3,2,2016,3/2/2016,N/A,N/A,46,15,2,5,6,3,1,683,2,,,
5114109,N,34030185,Catacombs,3,17,2016,3/17/2016,78,78,60,14,3,4,4,3,2,683,2,,,
5109747,N,34040031,Pillars of Atlantis,3,17,2016,3/17/2016,N/A,N/A,45,10,3,4,5,3,10,683,2,,,
5109899,N,34040166,The Landing Strip,3,26,2016,3/26/2016,N/A,N/A,50,10,3,4,5,3,3,683,2,,,
5109944,N,34040166,The Landing Strip,3,26,2016,3/26/2016,77,77,50,10,3,5,5,2,3,683,2,,,
5110252,N,34040069,Ryan's Rock,3,28,2016,3/28/2016,78,78,59,14,2,6,7,2,1,683,2,,,
5110251,N,34040068,Strip Club,3,28,2016,3/28/2016,78,78,55,11,2,6,6,2,1,683,2,,,
5110312,E,34040045,Canyon Lands,4,14,2016,4/14/2016,N/A,75,57,11,4,7,7,2,2,683,2,,,
5113918,N,34040045,Canyon Lands,4,14,2016,4/14/2016,77,77,63,11,4,6,7,3,2,683,2,,,
5110363,E,34040044,Cindy's Corner,4,16,2016,4/16/2016,N/A,75,42,15,4,6,6,3,3,683,2,,,
5110362,E,34040209,No Name,4,16,2016,4/16/2016,N/A,75,52,13,4,6,6,3,3,683,2,,,
5110533,E,34040002,Alligator Reef (Florida Keys),4,24,2016,4/24/2016,N/A,78,122,12,2,4,4,3,1,683,2,,,
5110737,N,34030009,Molasses Reef / Logan's Run / Paul's Ledge M9,4,25,2016,4/25/2016,80,80,45,12,3,4,4,2,2,683,2,,,
5110979,E,34040070,Ed's Place,5,3,2016,5/3/2016,N/A,78,38,15,3,6,7,3,3,683,2,,,
5110980,E,34040070,Ed's Place,5,3,2016,5/3/2016,N/A,78,44,16,3,6,7,3,3,683,2,,,
5110981,E,34040070,Ed's Place,5,3,2016,5/3/2016,N/A,76,25,20,3,6,6,3,3,683,2,,,
5111723,N,34030009,Molasses Reef / Logan's Run / Paul's Ledge M9,5,25,2016,5/25/2016,81,82,45,15,3,6,9,3,1,683,2,,,
5112054,N,34040167,Labyrinth,5,26,2016,5/26/2016,84,82,62,14,3,4,4,2,3,683,2,,,
5112024,E,34040064,Machete SE Point ,5,30,2016,5/30/2016,80,75,56,12,3,8,8,3,3,683,2,,,
5112378,E,34040046,Sandbox,6,3,2016,6/3/2016,N/A,79,59,14,3,5,6,3,3,683,2,,,
5113542,N,34040166,The Landing Strip,6,18,2016,6/18/2016,83,83,70,10,3,5,5,3,3,683,2,,,
5113901,N,34040061,The Chutes,6,22,2016,6/22/2016,N/A,82,44,9,4,8,10,3,2,683,2,,,
5114162,N,34040061,The Chutes,6,22,2016,6/22/2016,N/A,82,60,9,4,5,7,3,1,683,2,,,
5115172,N,34040061,The Chutes,6,22,2016,6/22/2016,N/A,81,60,9,4,3,3,2,1,683,2,,,
5113795,N,34050026,Newfound Harbor SPA,6,30,2016,6/30/2016,88,N/A,120,11,3,1,1,3,2,683,2,,,
5114056,E,34080163,NOAA Site-Stn 14432,6,30,2016,6/30/2016,N/A,85,27,11,2,4,4,3,3,683,2,,,
5114386,N,34030033,The Slab,7,10,2016,7/10/2016,88,88,70,16,4,5,5,2,2,683,2,,,
5114998,N,34040166,The Landing Strip,7,12,2016,7/12/2016,84,84,45,10,3,5,5,2,1,683,2,,,
5114999,N,34040166,The Landing Strip,7,23,2016,7/23/2016,83,83,44,10,3,5,5,2,1,683,2,,,
5115621,N,34030002,South South Ledges E2,8,8,2016,8/8/2016,N/A,80,60,15,4,4,5,3,1,683,2,,,
5116141,N,34030001,Anchor Chain E6,8,9,2016,8/9/2016,85,83,15,12,5,5,5,2,2,683,2,,,
5115782,E,34040238,NOAA Site-Stn 13231,8,9,2016,8/9/2016,N/A,84,24,10,3,7,7,3,3,683,2,,,
5115793,E,34040246,NOAA Site-Stn 13241,8,10,2016,8/10/2016,N/A,84,30,13,3,8,8,3,3,683,2,,,
5115788,E,34040243,NOAA Site-Stn 13372,8,10,2016,8/10/2016,N/A,84,35,9,3,10,11,3,4,683,2,,,
5116209,E,34040254,NOAA Site-Stn 12382,8,24,2016,8/24/2016,N/A,85,28,10,3,8,9,3,3,683,2,,,
5117144,N,34070014,Gunsight,9,5,2016,9/5/2016,N/A,N/A,30,17,2,4,4,1,1,683,2,,,
5116793,N,34040111,Runway Reef,9,7,2016,9/7/2016,79,79,60,10,3,4,5,3,1,683,2,,,
5116928,N,34040111,Runway Reef,9,8,2016,9/8/2016,83,83,61,10,3,5,6,2,1,683,2,,,
5132349,E,34040113,Aquarius S4 30m Site,9,28,2016,9/28/2016,79,79,30,15,3,7,7,3,10,683,2,,,
5121915,N,34030178,Sand Bottom Caves (French Reef - Ball F5),10,1,2016,10/1/2016,85,85,63,11,4,5,6,3,2,683,2,,,
5118281,N,34030150,Captain Arnos,10,5,2016,10/5/2016,85,85,63,9,3,5,6,3,1,683,2,,,
5118573,E,34040160,Staghorn Forest,10,21,2016,10/21/2016,N/A,78,60,12,3,6,7,2,3,683,2,,,
5121438,E,34030011,Benwood Wreck,11,5,2016,11/5/2016,78,80,61,10,5,5,6,3,10,683,2,,,
5119526,E,34040045,Canyon Lands,11,12,2016,11/12/2016,N/A,73,56,14,3,7,8,2,2,683,2,,,
5119529,N,34040045,Canyon Lands,11,12,2016,11/12/2016,85,83,55,14,3,6,7,3,1,683,2,,,
5124384,N,34040045,Canyon Lands,11,12,2016,11/12/2016,N/A,N/A,110,10,3,6,7,3,1,683,2,,,
5122347,N,33020033,Elkhorn Reef,12,3,2016,12/3/2016,78,N/A,40,7,2,5,5,3,1,683,2,,,
5123550,N,34040167,Labyrinth,3,11,2017,3/11/2017,75,75,43,10,2,4,4,3,1,683,2,,,
5123576,N,34030023,North North Dry Rocks (Double North),3,14,2017,3/14/2017,78,78,40,14,2,1,1,3,2,683,2,,,
5123772,N,34040167,Labyrinth,3,18,2017,3/18/2017,68,67,50,10,3,4,4,2,1,683,2,,,
5123769,N,34060002,Adolphus Busch Wreck,3,19,2017,3/19/2017,72,70,28,11,3,10,12,2,10,683,2,,,
5124271,N,34060008,Looe Key - Marker 16,3,22,2017,3/22/2017,75,75,48,16,4,4,5,2,2,683,2,,,
5124010,N,34060007,Looe Key - Marker 24,3,22,2017,3/22/2017,72,72,45,16,4,4,4,3,2,683,2,,,
5123983,E,34040002,Alligator Reef (Florida Keys),3,28,2017,3/28/2017,N/A,75,96,11,3,4,4,3,6,683,2,,,
5124016,N,34040002,Alligator Reef (Florida Keys),3,28,2017,3/28/2017,N/A,N/A,120,7,4,4,4,3,6,683,2,,,
5124484,N,34040002,Alligator Reef (Florida Keys),3,28,2017,3/28/2017,79,77,122,11,3,4,4,3,2,683,2,,,
5124709,N,34040002,Alligator Reef (Florida Keys),3,28,2017,3/28/2017,80,77,91,12,3,3,4,3,2,683,2,,,
5124176,E,34040045,Canyon Lands,4,2,2017,4/2/2017,N/A,76,50,13,3,6,7,3,2,683,2,,,
5124182,N,34040045,Canyon Lands,4,2,2017,4/2/2017,N/A,79,45,14,2,6,6,3,3,683,2,,,
5124494,N,34040045,Canyon Lands,4,2,2017,4/2/2017,79,78,50,13,3,6,7,3,2,683,2,,,
5125077,E,34040002,Alligator Reef (Florida Keys),4,26,2017,4/26/2017,N/A,75,127,11,4,4,4,3,1,683,2,,,
5125345,N,34030060,Triangles 25,4,26,2017,4/26/2017,79,N/A,40,10,2,1,1,2,3,683,2,,,
5125952,N,34040070,Ed's Place,5,3,2017,5/3/2017,80,80,62,11,3,6,7,3,1,683,2,,,
5125955,N,34040070,Ed's Place,5,3,2017,5/3/2017,80,80,53,13,2,6,6,3,1,683,2,,,
5125363,E,34030031,The Elbow Reef,5,4,2017,5/4/2017,79,79,59,16,3,4,5,2,2,683,2,,,
5125357,E,34040233,Kaily's Corner,5,5,2017,5/5/2017,N/A,76,40,9,4,7,8,2,3,683,2,,,
5125829,N,34040233,Kaily's Corner,5,5,2017,5/5/2017,N/A,N/A,45,9,4,7,7,3,3,683,2,,,
5125838,E,34080026,Eye of the Needle Reef,5,13,2017,5/13/2017,79,79,40,16,4,6,6,2,3,683,2,,,
5125855,N,34080026,Eye of the Needle Reef,5,13,2017,5/13/2017,78,78,47,15,4,5,6,2,2,683,2,,,
5125856,N,34040002,Alligator Reef (Florida Keys),5,14,2017,5/14/2017,78,78,121,13,3,4,4,3,2,683,2,,,
5125863,E,34040002,Alligator Reef (Florida Keys),5,14,2017,5/14/2017,N/A,77,120,13,3,4,4,3,1,683,2,,,
5126797,N,34040002,Alligator Reef (Florida Keys),5,14,2017,5/14/2017,N/A,80,90,10,3,4,4,3,2,683,2,,,
5126162,E,34060013,Looe Key - Marker L5,5,14,2017,5/14/2017,N/A,80,75,10,4,4,4,3,2,683,2,,,
5125877,N,34040075,Papa Bear,5,14,2017,5/14/2017,78,78,42,11,3,8,10,3,2,683,2,,,
5125982,E,34040075,Papa Bear,5,14,2017,5/14/2017,78,N/A,54,13,3,8,10,2,2,683,2,,,
5126641,N,34040167,Labyrinth,5,27,2017,5/27/2017,N/A,75,60,12,3,4,4,2,1,683,2,,,
5126645,N,34040167,Labyrinth,5,27,2017,5/27/2017,89,81,50,12,4,4,4,2,1,683,2,,,
5126785,N,34040167,Labyrinth,5,27,2017,5/27/2017,N/A,85,50,13,4,3,4,2,6,683,2,,,
5127524,N,34040167,Labyrinth,5,27,2017,5/27/2017,N/A,80,58,11,6,4,4,3,1,683,2,,,
5126621,N,34030108,Southwest Channel Wreck,5,27,2017,5/27/2017,N/A,N/A,15,10,3,2,3,3,10,683,2,,,
5127398,N,34040132,Davey Crocker,5,31,2017,5/31/2017,N/A,83,54,11,3,5,5,2,6,683,2,,,
5127385,N,34040067,Boink West,6,6,2017,6/6/2017,75,75,58,10,3,4,4,3,1,683,2,,,
5131160,N,34040002,Alligator Reef (Florida Keys),6,16,2017,6/16/2017,N/A,82,72,7,4,6,6,3,1,683,2,,,
5127812,E,34040163,Islamorada Fingers,6,16,2017,6/16/2017,N/A,80,71,16,4,6,7,3,3,683,2,,,
5127848,N,34040067,Boink West,6,17,2017,6/17/2017,85,85,52,10,4,6,6,3,3,683,2,,,
5127829,E,34040045,Canyon Lands,6,17,2017,6/17/2017,N/A,80,58,11,3,7,8,3,2,683,2,,,
5128125,N,34040167,Labyrinth,6,24,2017,6/24/2017,82,82,50,10,3,4,4,2,3,683,2,,,
5128234,N,34060015,Looe Key - Marker 8,6,27,2017,6/27/2017,85,84,90,12,3,4,4,2,2,683,2,,,
5128322,N,34060012,Looe Key - Marker 7,6,28,2017,6/28/2017,86,85,80,11,2,4,4,2,2,683,2,,,
5128955,N,34040166,The Landing Strip,7,8,2017,7/8/2017,86,N/A,60,10,3,5,5,3,3,683,2,,,
5130156,N,34040166,The Landing Strip,7,8,2017,7/8/2017,86,86,60,10,3,5,5,3,3,683,2,,,
5129990,N,34060010,Looe Key - Marker 10,7,9,2017,7/9/2017,87,87,90,15,3,4,4,2,2,683,2,,,
5129761,N,34040166,The Landing Strip,7,15,2017,7/15/2017,85,80,47,10,3,4,4,3,3,683,2,,,
5132590,E,34030031,The Elbow Reef,7,20,2017,7/20/2017,84,N/A,61,10,3,4,4,3,3,683,2,,,
5152779,E,34030237,Carysfort Shark Dive,7,23,2017,7/23/2017,N/A,84,50,16,3,7,9,3,2,683,2,,,
5130299,N,34040134,Conch Wall,7,28,2017,7/28/2017,84,85,38,14,3,9,11,1,5,683,2,,,
5130278,N,34040167,Labyrinth,8,1,2017,8/1/2017,86,86,65,9,4,5,5,3,3,683,2,,,
5130348,E,34040044,Cindy's Corner,8,2,2017,8/2/2017,N/A,86,73,14,3,6,7,2,3,683,2,,,
5130567,E,34040040,Channel 5 Bridge (N),8,8,2017,8/8/2017,N/A,N/A,79,13,2,3,,2,10,683,2,,,
5130820,N,34040019,Crocker Reef,8,9,2017,8/9/2017,88,85,36,12,4,7,7,3,2,683,2,,,
5130994,E,34040035,Caloosa Rocks / Anne's Rocks,8,15,2017,8/15/2017,90,90,55,19,2,3,4,3,3,683,2,,,
5130993,E,34040170,The Coffins,8,15,2017,8/15/2017,90,N/A,45,18,2,3,3,2,10,683,2,,,
5132371,E,34040040,Channel 5 Bridge (N),8,19,2017,8/19/2017,89,89,30,10,2,3,3,1,10,683,2,,,
5132372,E,34040040,Channel 5 Bridge (N),8,19,2017,8/19/2017,N/A,89,30,10,2,3,3,1,10,683,2,,,
5131337,N,34040049,Alligator Lighthouse,8,27,2017,8/27/2017,N/A,86,50,15,3,4,4,3,1,683,2,,,
5131319,E,34040002,Alligator Reef (Florida Keys),8,27,2017,8/27/2017,N/A,84,84,15,3,4,4,3,2,683,2,,,
5131341,N,34040002,Alligator Reef (Florida Keys),8,27,2017,8/27/2017,N/A,86,36,16,3,4,4,3,1,683,2,,,
5131342,N,34040002,Alligator Reef (Florida Keys),8,27,2017,8/27/2017,N/A,86,57,16,3,4,4,2,1,683,2,,,
5131474,N,34040143,Turtle Alley,8,29,2017,8/29/2017,N/A,86,45,10,5,4,4,3,1,683,2,,,
5131618,E,34040069,Ryan's Rock,9,4,2017,9/4/2017,N/A,85,60,7,3,6,7,2,1,683,2,,,
5132344,E,34040002,Alligator Reef (Florida Keys),9,23,2017,9/23/2017,86,86,56,12,2,4,4,2,6,683,2,,,
5132382,E,34040002,Alligator Reef (Florida Keys),9,23,2017,9/23/2017,N/A,86,50,12,2,4,4,2,6,683,2,,,
5133379,E,34040163,Islamorada Fingers,10,16,2017,10/16/2017,N/A,83,63,15,2,7,8,2,9,683,2,,,
5133381,E,34040163,Islamorada Fingers,10,16,2017,10/16/2017,N/A,81,67,15,2,7,8,2,9,683,2,,,
5136106,E,34040002,Alligator Reef (Florida Keys),11,29,2017,11/29/2017,76,N/A,55,12,2,4,4,3,3,683,2,,,
5136107,E,34040047,Carlos Wall,11,29,2017,11/29/2017,76,N/A,56,9,3,9,10,2,4,683,2,,,
5136082,E,34030033,The Slab,12,7,2017,12/7/2017,78,78,63,12,3,5,,2,2,683,2,,,
5135046,E,34040044,Cindy's Corner,12,8,2017,12/8/2017,N/A,77,54,9,2,7,8,3,3,683,2,,,
5135301,N,34080097,Vandenberg (Hoyt Vandenberg Artificial Reef),12,17,2017,12/17/2017,75,74,34,9,2,9,12,3,10,683,2,,,
5135375,E,34040047,Carlos Wall,12,18,2017,12/18/2017,N/A,73,52,13,4,9,11,2,4,683,2,,,
5136234,E,34040047,Carlos Wall,12,18,2017,12/18/2017,80,75,35,14,3,8,12,2,6,683,2,,,
5141243,E,34040047,Carlos Wall,12,18,2017,12/18/2017,75,75,48,14,3,8,11,2,3,683,2,,,
5141095,N,34030004,Grecian Rocks (buoy 12),3,15,2018,3/15/2018,N/A,75,30,15,3,1,1,3,2,683,2,,,
5139193,E,34040160,Staghorn Forest,4,21,2018,4/21/2018,N/A,77,49,13,3,6,7,2,3,683,2,,,
5139192,E,34040045,Canyon Lands,4,22,2018,4/22/2018,N/A,78,49,11,3,7,8,2,2,683,2,,,
5139408,N,34040056,San Felipe - El Terri,4,29,2018,4/29/2018,81,N/A,82,10,2,3,4,3,10,683,2,,,
5139654,E,34040047,Carlos Wall,5,11,2018,5/11/2018,N/A,78,36,9,3,10,11,3,2,683,2,,,
5139819,E,34040040,Channel 5 Bridge (N),5,16,2018,5/16/2018,N/A,78,25,14,2,2,3,1,10,683,2,,,
5139825,E,34040170,The Coffins,5,16,2018,5/16/2018,N/A,78,15,13,2,3,3,1,10,683,2,,,
5139917,E,34040040,Channel 5 Bridge (N),5,18,2018,5/18/2018,N/A,77,40,13,1,2,3,2,10,683,2,,,2
5140065,E,34040079,Tennesee Anchor,5,18,2018,5/18/2018,N/A,77,47,11,2,10,11,2,4,683,2,,,
5140067,E,34040079,Tennesee Anchor,5,18,2018,5/18/2018,N/A,77,48,11,2,10,11,2,4,683,2,,,
5149081,E,34040056,San Felipe - El Terri,5,29,2018,5/29/2018,N/A,N/A,45,10,2,3,3,3,9,683,2,,,
5140937,N,34040166,The Landing Strip,6,2,2018,6/2/2018,80,80,45,11,3,4,4,2,3,683,2,,,
5143000,N,34080025,Content Key,6,3,2018,6/3/2018,80,N/A,35,9,2,3,3,3,3,683,2,,,
5143852,N,34040166,The Landing Strip,6,9,2018,6/9/2018,84,84,45,10,3,4,5,2,3,683,2,,,
5142869,N,34030033,The Slab,6,9,2018,6/9/2018,80,80,60,16,3,4,5,2,2,683,2,,,
5141872,N,34040167,Labyrinth,6,19,2018,6/19/2018,84,84,55,10,3,4,4,3,3,683,2,,,
5142215,N,34030006,Carysfort Reef,6,27,2018,6/27/2018,84,82,65,9,3,5,9,2,2,683,2,,,
5142216,N,34030006,Carysfort Reef,6,27,2018,6/27/2018,82,80,60,9,3,5,9,2,5,683,2,,,
5148338,N,34040080,Mama Bear,7,12,2018,7/12/2018,87,87,65,14,3,6,8,3,3,683,2,,,
5142785,E,34040040,Channel 5 Bridge (N),7,13,2018,7/13/2018,N/A,89,33,12,2,3,3,2,10,683,2,,,
5148337,N,34040041,Channel 5 Bridge (S),7,13,2018,7/13/2018,89,89,63,12,2,3,3,2,12,683,2,,,
5142828,E,34040080,Mama Bear,7,13,2018,7/13/2018,N/A,85,72,14,3,6,7,3,3,683,2,,,
5143313,N,34040080,Mama Bear,7,13,2018,7/13/2018,87,87,65,14,3,6,8,2,1,683,2,,,
5143863,N,34040166,The Landing Strip,7,17,2018,7/17/2018,85,85,50,10,2,4,5,2,3,683,2,,,
5143868,N,34040166,The Landing Strip,7,17,2018,7/17/2018,86,86,41,11,2,4,5,2,3,683,2,,,
5143853,N,34040031,Pillars of Atlantis,7,31,2018,7/31/2018,85,85,45,10,3,4,4,2,10,683,2,,,
5145129,N,34040264,BlackBuck,9,6,2018,9/6/2018,N/A,86,104,16,3,4,4,2,1,683,2,,,
5145130,N,34040064,Machete SE Point ,9,6,2018,9/6/2018,N/A,86,47,14,5,7,9,1,3,683,2,,,
5169601,N,34040172,Jeri's Joint,9,21,2018,9/21/2018,88,86,53,9,3,7,7,3,3,683,2,,,
5146210,E,34040045,Canyon Lands,9,22,2018,9/22/2018,86,86,58,9,2,6,7,3,2,683,2,,,
5145863,E,34040164,Gator Patch,9,25,2018,9/25/2018,N/A,86,95,11,3,4,5,3,3,683,2,,,
5146125,E,34070012,Cove,9,30,2018,9/30/2018,N/A,84,69,11,3,7,7,3,2,683,2,,,
5152793,N,34040119,Spanky's Reef,10,12,2018,10/12/2018,75,75,56,10,5,4,4,3,2,683,2,,,
5147005,E,34040002,Alligator Reef (Florida Keys),10,24,2018,10/24/2018,N/A,82,90,15,4,4,4,3,1,683,2,,,
5147719,E,34040002,Alligator Reef (Florida Keys),10,24,2018,10/24/2018,82,82,89,16,4,4,4,3,3,683,2,,,
5147249,E,34030237,Carysfort Shark Dive,11,3,2018,11/3/2018,N/A,80,58,14,3,7,9,3,2,683,2,,,
5147274,E,34030237,Carysfort Shark Dive,11,3,2018,11/3/2018,N/A,82,55,14,3,8,8,2,2,683,2,,,
5147275,E,34030237,Carysfort Shark Dive,11,3,2018,11/3/2018,N/A,83,55,14,3,8,8,2,2,683,2,,,
5149569,N,34050001,Sombrero Reef / Light,11,14,2018,11/14/2018,75,81,38,9,3,4,4,2,1,683,2,,,
5154852,N,34040009,Crockers Wall,1,2,2019,1/2/2019,N/A,75,36,13,3,7,9,2,4,683,2,,,
5149902,E,34100036,Loggerhead Ledge,1,6,2019,1/6/2019,N/A,75,54,11,4,7,9,2,6,683,2,,,
5151054,N,34040018,Victory Reef,2,5,2019,2/5/2019,73,N/A,48,9,5,7,10,2,3,683,2,,,
5151088,N,34040047,Carlos Wall,2,7,2019,2/7/2019,N/A,75,49,21,3,6,8,3,2,683,2,,,
5151626,N,34040167,Labyrinth,2,23,2019,2/23/2019,79,79,36,9,3,4,4,2,3,683,2,,,
5153035,N,34040167,Labyrinth,3,16,2019,3/16/2019,N/A,78,45,9,4,4,4,3,3,683,2,,,
5153265,N,34080001,Western Sambo,3,22,2019,3/22/2019,77,77,35,11,2,4,5,2,2,683,2,,,
5153429,N,34040021,Fish Bowl / Hamm / Ham,4,5,2019,4/5/2019,75,75,56,21,4,8,10,3,3,683,2,,,
5153910,E,34040018,Victory Reef,4,5,2019,4/5/2019,N/A,76,45,9,4,8,10,3,4,683,2,,,
5155425,N,34040031,Pillars of Atlantis,5,26,2019,5/26/2019,N/A,N/A,60,9,4,4,4,2,2,683,2,,,
5168298,E,34030072,Christmas Reef (deep site off Molasses),6,8,2019,6/8/2019,N/A,81,52,14,3,8,8,2,3,683,2,,,
5163944,N,34040207,Les's Bluff / The Bluff,6,29,2019,6/29/2019,N/A,86,49,9,3,7,7,2,2,683,2,,,
5165482,N,34040002,Alligator Reef (Florida Keys),7,15,2019,7/15/2019,N/A,N/A,72,13,4,4,5,3,2,683,2,,,
5165469,N,34050001,Sombrero Reef / Light,8,19,2019,8/19/2019,N/A,90,48,14,4,3,4,1,2,683,2,,,
5165471,N,34050001,Sombrero Reef / Light,8,19,2019,8/19/2019,N/A,90,50,15,3,4,4,1,2,683,2,,,
5159497,E,34040040,Channel 5 Bridge (N),9,1,2019,9/1/2019,N/A,87,22,15,2,2,3,1,10,683,2,,,
5159710,N,34040163,Islamorada Fingers,9,5,2019,9/5/2019,86,86,49,13,2,6,6,1,2,683,2,,,
5160164,N,34040163,Islamorada Fingers,9,5,2019,9/5/2019,85,N/A,49,13,3,6,7,2,2,683,2,,,
5159787,N,34030237,Carysfort Shark Dive,9,7,2019,9/7/2019,87,85,35,21,3,8,9,3,2,683,2,,,
5162486,N,34030237,Carysfort Shark Dive,9,7,2019,9/7/2019,84,N/A,45,9,3,8,9,3,2,683,2,,,
5164956,E,34030237,Carysfort Shark Dive,9,7,2019,9/7/2019,N/A,84,43,10,3,8,9,2,2,683,2,,,
5160857,N,34040045,Canyon Lands,9,28,2019,9/28/2019,84,84,60,13,3,6,8,3,2,683,2,,,
5161328,N,34040110,Betty's Bump,10,7,2019,10/7/2019,N/A,87,39,10,3,5,6,1,1,683,2,,,
5162483,N,34040163,Islamorada Fingers,10,18,2019,10/18/2019,82,N/A,49,9,4,7,9,3,2,683,2,,,
5163692,N,34080010,Joe's Tug,12,7,2019,12/7/2019,78,74,52,13,2,7,8,3,10,683,2,,,
5167541,N,34030033,The Slab,1,31,2020,1/31/2020,76,76,60,11,4,5,5,2,2,683,2,,,
5167547,N,34030033,The Slab,1,31,2020,1/31/2020,N/A,76,60,11,4,5,5,2,2,683,2,,,
5169530,E,34040002,Alligator Reef (Florida Keys),6,9,2020,6/9/2020,N/A,N/A,55,20,3,4,4,2,2,683,2,,,
5169014,E,34030033,The Slab,6,9,2020,6/9/2020,83,83,62,10,5,5,5,2,1,683,2,,,
5169101,E,34030033,The Slab,6,9,2020,6/9/2020,82,82,63,9,4,5,5,2,2,683,2,,,
5169135,N,34040067,Boink West,6,13,2020,6/13/2020,78,78,60,12,4,7,7,3,3,683,2,,,
5169031,N,34040167,Labyrinth,6,13,2020,6/13/2020,84,84,37,14,3,4,4,2,3,683,2,,,
5169494,N,34040167,Labyrinth,6,30,2020,6/30/2020,90,84,62,9,6,4,4,3,2,683,2,,,
5169498,N,34040167,Labyrinth,6,30,2020,6/30/2020,88,86,69,9,4,4,4,3,1,683,2,,,
5169500,N,34040167,Labyrinth,6,30,2020,6/30/2020,86,84,69,10,4,3,4,3,1,683,2,,,
5169983,E,34030033,The Slab,7,19,2020,7/19/2020,88,86,64,14,3,4,5,3,2,683,2,,,
5170169,E,34030033,The Slab,7,19,2020,7/19/2020,N/A,N/A,58,15,3,4,5,2,2,683,2,,,
5170494,N,34040067,Boink West,7,28,2020,7/28/2020,86,86,55,9,4,5,6,3,3,683,2,,,
5170832,E,34030072,Christmas Reef (deep site off Molasses),8,9,2020,8/9/2020,N/A,N/A,59,15,4,7,10,3,3,683,2,,,
5170841,E,34030011,Benwood Wreck,8,13,2020,8/13/2020,N/A,N/A,64,9,3,4,4,2,10,683,2,,,
5170843,E,34030033,The Slab,8,14,2020,8/14/2020,N/A,N/A,65,9,3,5,5,3,2,683,2,,,
5170861,E,34030033,The Slab,8,14,2020,8/14/2020,86,86,62,9,3,4,5,2,2,683,2,,,
5170877,N,34030033,The Slab,8,14,2020,8/14/2020,90,87,64,9,3,4,5,2,2,683,2,,,
5170886,N,34030033,The Slab,8,14,2020,8/14/2020,90,87,64,9,3,4,5,2,2,683,2,,,
5171910,E,34040001,Pickles Reef / Pickle Barrel Wreck,9,11,2020,9/11/2020,88,86,46,14,3,7,8,1,2,683,2,,,
5172297,E,34030071,Snapper Ledge,9,25,2020,9/25/2020,N/A,86,67,15,4,5,5,2,2,683,2,,,
5172575,N,34080097,Vandenberg (Hoyt Vandenberg Artificial Reef),10,2,2020,10/2/2020,86,85,46,13,4,9,12,3,10,683,2,,,
5172779,E,34080097,Vandenberg (Hoyt Vandenberg Artificial Reef),10,2,2020,10/2/2020,84,84,42,15,4,7,11,2,10,683,2,,,
5172864,E,34080097,Vandenberg (Hoyt Vandenberg Artificial Reef),10,2,2020,10/2/2020,N/A,N/A,43,15,4,8,11,2,10,683,2,,,
5173055,E,34040134,Conch Wall,10,14,2020,10/14/2020,82,83,29,14,3,9,11,1,5,683,2,,,
5173321,E,34040007,Wreck of the Eagle,10,17,2020,10/17/2020,N/A,N/A,44,9,4,10,11,2,10,683,2,,,
5174000,E,34040104,Forty Foot Ledge,11,16,2020,11/16/2020,N/A,80,54,16,3,5,6,2,6,683,2,,,
5173996,E,34040018,Victory Reef,11,16,2020,11/16/2020,N/A,82,51,15,4,6,8,2,2,683,2,,,
5175774,N,34040274,Late 4 Lunch (South),1,20,2021,1/20/2021,70,N/A,42,10,3,6,6,2,2,683,2,,,
5175707,E,34040276,Cable Reef,1,28,2021,1/28/2021,N/A,N/A,45,9,2,5,5,3,3,683,2,,,
5175859,N,34040276,Cable Reef,1,28,2021,1/28/2021,75,N/A,48,9,3,5,5,3,2,683,2,,,
5176844,N,34040067,Boink West,3,20,2021,3/20/2021,79,74,33,10,5,6,6,2,3,683,2,,,
5026025,N,34030009,Molasses Reef / Logan's Run / Paul's Ledge M9,8,4,2009,8/4/2009,N/A,88,48,14,4,4,,3,1,683,1,,,
5029688,E,34080008,Eastern Dry Rocks Shallow,12,8,2009,12/8/2009,79,78,50,15,3,4,,3,2,683,1,,,
5030297,E,34080014,Cayman Salvor,12,31,2009,12/31/2009,75,74,29,12,3,9,,2,10,683,1,,,
5032444,N,34080010,Joe's Tug,3,27,2010,3/27/2010,N/A,69,41,12,2,7,,2,10,683,1,,,
5032476,E,34080010,Joe's Tug,3,27,2010,3/27/2010,N/A,70,60,11,2,8,,2,10,683,1,,,
5032505,N,34080010,Joe's Tug,3,27,2010,3/27/2010,N/A,68,35,12,2,5,,3,3,683,1,,,
5035158,N,34030108,Southwest Channel Wreck,6,13,2010,6/13/2010,85,85,15,15,3,2,,3,10,683,1,,,
5035442,E,34080008,Eastern Dry Rocks Shallow,6,30,2010,6/30/2010,86,86,40,11,3,4,,2,2,683,1,,,
5035665,N,34030112,Sam's Wreck,7,3,2010,7/3/2010,85,85,10,16,3,3,,3,10,683,1,,,
5036012,N,34080008,Eastern Dry Rocks Shallow,7,15,2010,7/15/2010,N/A,86,60,16,3,4,,3,2,683,1,,,
5036173,E,34080008,Eastern Dry Rocks Shallow,7,15,2010,7/15/2010,86,86,60,15,3,4,,3,2,683,1,,,
5036069,E,34080095,Marker 32 Deep (HV Monitoring Site),7,16,2010,7/16/2010,86,86,30,15,2,8,,2,2,683,1,,,
5036073,N,34080095,Marker 32 Deep (HV Monitoring Site),7,16,2010,7/16/2010,N/A,86,30,15,2,7,,3,4,683,1,,,
5036078,E,34080095,Marker 32 Deep (HV Monitoring Site),7,16,2010,7/16/2010,86,86,35,15,2,8,,3,4,683,1,,,
5036175,E,34080095,Marker 32 Deep (HV Monitoring Site),7,16,2010,7/16/2010,86,86,30,15,2,8,,2,4,683,1,,,
5036364,E,34080095,Marker 32 Deep (HV Monitoring Site),7,16,2010,7/16/2010,N/A,86,30,15,2,8,,2,2,683,1,,,
5036085,E,34080010,Joe's Tug,7,17,2010,7/17/2010,86,86,35,12,5,8,,3,10,683,1,,,
5036112,N,34080010,Joe's Tug,7,17,2010,7/17/2010,87,N/A,51,11,4,7,,3,1,683,1,,,
5036180,E,34080010,Joe's Tug,7,17,2010,7/17/2010,86,86,30,11,4,8,,3,10,683,1,,,
5036730,E,34030120,NOAA Site-Stn 6972,7,26,2010,7/26/2010,N/A,84,26,12,3,4,,3,3,683,1,,,
5036956,E,34030126,NOAA Site-Stn 7091,7,27,2010,7/27/2010,N/A,84,28,11,3,5,,2,3,683,1,,,
5036987,E,34030011,Benwood Wreck,8,2,2010,8/2/2010,N/A,84,69,14,4,6,,3,10,683,1,,,
5037246,N,34060002,Adolphus Busch Wreck,8,8,2010,8/8/2010,N/A,88,30,12,2,9,,3,10,683,1,,,
5044560,N,34050021,Barge,8,20,2010,8/20/2010,N/A,87,63,9,2,3,,2,10,683,1,,,
5044564,N,34050036,The Wrist,8,20,2010,8/20/2010,N/A,N/A,59,13,3,4,,3,6,683,1,,,
5037666,E,34080026,Eye of the Needle Reef,8,23,2010,8/23/2010,87,87,42,11,4,4,,3,2,683,1,,,
5038709,E,34030011,Benwood Wreck,8,27,2010,8/27/2010,N/A,82,30,16,4,5,,3,10,683,1,,,
5038200,E,34080008,Eastern Dry Rocks Shallow,9,5,2010,9/5/2010,86,86,50,17,3,4,,1,2,683,1,,,
5041151,N,34030070,Northern Light,9,11,2010,9/11/2010,80,75,25,9,5,14,,1,8,683,1,,,
5039354,N,34030008,French Reef,9,12,2010,9/12/2010,N/A,85,60,11,3,6,,2,2,683,1,,,
5038691,N,34050021,Barge,9,13,2010,9/13/2010,N/A,89,45,15,3,4,,2,10,683,1,,,
5038693,N,34030008,French Reef,9,14,2010,9/14/2010,N/A,80,57,14,3,5,,2,2,683,1,,,
5039073,N,34030008,French Reef,9,22,2010,9/22/2010,N/A,85,55,10,3,6,,3,2,683,1,,,
5039096,E,34080018,Western Dry Rocks,9,30,2010,9/30/2010,83,83,44,16,2,4,,3,1,683,1,,,
5039239,N,34030008,French Reef,10,2,2010,10/2/2010,N/A,N/A,60,11,3,5,,2,2,683,1,,,
5039486,N,34030008,French Reef,10,2,2010,10/2/2010,N/A,80,60,9,4,5,,2,2,683,1,,,
5040169,E,34080004,Sand Key,11,2,2010,11/2/2010,77,77,39,16,3,6,,2,4,683,1,,,
5041217,N,34030071,Snapper Ledge,11,10,2010,11/10/2010,N/A,78,65,14,4,5,,3,2,683,1,,,
5041220,N,34030071,Snapper Ledge,11,10,2010,11/10/2010,N/A,N/A,55,14,3,5,,3,2,683,1,,,
5041219,N,34080097,Vandenberg (Hoyt Vandenberg Artificial Reef),11,13,2010,11/13/2010,N/A,N/A,50,10,4,10,,2,10,683,1,,,
5041650,N,34030009,Molasses Reef / Logan's Run / Paul's Ledge M9,11,20,2010,11/20/2010,N/A,N/A,55,9,3,5,,3,2,683,1,,,
5042641,N,34030006,Carysfort Reef,12,17,2010,12/17/2010,N/A,73,55,14,3,5,,2,1,683,1,,,
5042526,N,34050001,Sombrero Reef / Light,1,20,2011,1/20/2011,N/A,74,67,14,3,4,,2,2,683,1,,,
5043046,N,34030009,Molasses Reef / Logan's Run / Paul's Ledge M9,1,26,2011,1/26/2011,N/A,71,55,10,3,5,,1,1,683,1,,,
5042621,E,34080018,Western Dry Rocks,1,29,2011,1/29/2011,70,70,60,15,3,3,,3,2,683,1,,,
5042843,E,34080009,Nine Foot Stake,2,6,2011,2/6/2011,66,66,32,16,4,3,,3,2,683,1,,,
5044284,E,34080009,Nine Foot Stake,3,22,2011,3/22/2011,72,72,34,7,2,4,,2,2,683,1,,,
5044607,N,34040006,Hens and Chickens Reef,4,2,2011,4/2/2011,N/A,N/A,79,10,2,4,,2,3,683,1,,,
5045275,E,34080003,Rock Key,4,22,2011,4/22/2011,80,80,34,16,2,4,,3,1,683,1,,,
5045274,E,34080004,Sand Key,4,22,2011,4/22/2011,80,80,31,15,2,4,,3,2,683,1,,,
5045343,E,34080008,Eastern Dry Rocks Shallow,4,23,2011,4/23/2011,80,80,43,16,2,4,,3,2,683,1,,,
5045497,E,34080003,Rock Key,4,26,2011,4/26/2011,79,79,36,16,2,4,,3,2,683,1,,,
5046103,E,34080097,Vandenberg (Hoyt Vandenberg Artificial Reef),5,13,2011,5/13/2011,80,80,26,10,5,9,,2,10,683,1,,,
5046605,E,34080019,Lost Reef/High Rocks,5,27,2011,5/27/2011,81,81,44,16,4,4,,2,8,683,1,,,
5046871,E,34080004,Sand Key,6,3,2011,6/3/2011,N/A,81,36,9,5,9,,2,4,683,1,,,
5046881,E,34080004,Sand Key,6,3,2011,6/3/2011,N/A,81,36,12,3,7,,2,3,683,1,,,
5046911,E,34080107,NOAA Site-Stn 0571,6,4,2011,6/4/2011,N/A,81,36,12,4,8,,1,3,683,1,,,
5046904,E,34080106,NOAA Site-Stn E141,6,4,2011,6/4/2011,N/A,81,34,9,2,9,,3,3,683,1,,,
5047051,E,34030007,South Carysfort Reef,6,7,2011,6/7/2011,N/A,81,35,14,3,10,,3,4,683,1,,,
5047213,E,34030009,Molasses Reef / Logan's Run / Paul's Ledge M9,6,9,2011,6/9/2011,N/A,81,34,9,4,10,,2,3,683,1,,,
5047384,E,34080112,NOAA Site-Stn 3201,6,11,2011,6/11/2011,N/A,81,39,16,3,9,,3,4,683,1,,,
5047372,N,34080097,Vandenberg (Hoyt Vandenberg Artificial Reef),6,11,2011,6/11/2011,85,80,30,11,5,10,,3,10,683,1,,,
5047500,E,34080008,Eastern Dry Rocks Shallow,6,15,2011,6/15/2011,82,82,45,15,3,4,,3,2,683,1,,,
5047501,E,34080003,Rock Key,6,15,2011,6/15/2011,82,82,38,16,3,4,,3,2,683,1,,,
5047529,E,34080003,Rock Key,6,16,2011,6/16/2011,82,82,39,16,3,4,,3,2,683,1,,,
5047561,E,34080009,Nine Foot Stake,6,17,2011,6/17/2011,83,83,42,16,3,4,,3,2,683,1,,,
5047929,E,34080094,Western Sambos Deep (HV monitoring site),6,27,2011,6/27/2011,84,84,45,10,3,6,,3,2,683,1,,,
5048046,E,34080096,Eastern Dry Rocks Deep (HV Monitoring Site),6,29,2011,6/29/2011,84,84,30,15,2,8,,2,2,683,1,,,
5048058,E,34080096,Eastern Dry Rocks Deep (HV Monitoring Site),6,29,2011,6/29/2011,84,84,30,14,2,8,,3,2,683,1,,,
5048085,E,34080097,Vandenberg (Hoyt Vandenberg Artificial Reef),6,30,2011,6/30/2011,N/A,82,40,10,3,10,,2,10,683,1,,,
5048306,E,34080097,Vandenberg (Hoyt Vandenberg Artificial Reef),6,30,2011,6/30/2011,N/A,81,31,7,3,11,,2,10,683,1,,,
5048372,E,34080023,Marker 32 (Toppino Buoy) Shallow,7,1,2011,7/1/2011,N/A,81,63,11,3,4,,3,1,683,1,,,
5048346,E,34080095,Marker 32 Deep (HV Monitoring Site),7,1,2011,7/1/2011,N/A,82,42,9,3,9,,2,3,683,1,,,
5048603,N,34030011,Benwood Wreck,7,6,2011,7/6/2011,N/A,84,60,14,4,5,,3,10,683,1,,,
5048514,E,34080003,Rock Key,7,11,2011,7/11/2011,84,84,37,16,4,4,,3,3,683,1,,,
5048517,E,34080097,Vandenberg (Hoyt Vandenberg Artificial Reef),7,12,2011,7/12/2011,N/A,83,55,10,3,9,,3,10,683,1,,,
5048766,E,34100204,Rileys Hump Station 4,7,14,2011,7/14/2011,N/A,81,32,17,6,11,,1,9,683,1,,,
5048764,E,34100282,Riley's Hump Station 6,7,14,2011,7/14/2011,N/A,79,33,11,6,10,,1,3,683,1,,,
5048790,E,34100322,Riley's Hump Jim 3,7,16,2011,7/16/2011,N/A,81,36,12,5,11,,1,3,683,1,,,
5048796,E,34100201,Rileys Hump Station 15 (Grouper Ledge),7,17,2011,7/17/2011,N/A,81,33,16,5,12,,1,3,683,1,,,
5048797,E,34100205,Rileys Hump Station 12,7,18,2011,7/18/2011,N/A,N/A,36,9,6,12,,1,3,683,1,,,
5048851,E,34080006,Pelican Shoals,7,20,2011,7/20/2011,N/A,88,34,13,3,3,,3,2,683,1,,,
5050656,E,34080097,Vandenberg (Hoyt Vandenberg Artificial Reef),9,3,2011,9/3/2011,86,84,28,10,3,9,,3,10,683,1,,,
5051572,E,34080040,Ball & Chain,9,28,2011,9/28/2011,85,85,38,16,3,4,,3,2,683,1,,,
5051877,E,34080003,Rock Key,10,9,2011,10/9/2011,83,83,38,16,3,4,,2,2,683,1,,,
5053518,E,34080004,Sand Key,12,9,2011,12/9/2011,74,74,32,15,2,4,,3,1,683,1,,,
5053866,E,34080008,Eastern Dry Rocks Shallow,12,18,2011,12/18/2011,74,74,32,15,2,4,,2,2,683,1,,,
5054217,E,34080008,Eastern Dry Rocks Shallow,12,31,2011,12/31/2011,72,72,41,15,2,4,,3,2,683,1,,,
5055827,E,34080003,Rock Key,2,23,2012,2/23/2012,74,74,32,16,3,4,,3,2,683,1,,,
5055978,E,34080004,Sand Key,3,1,2012,3/1/2012,74,74,60,15,3,4,,3,2,683,1,,,
5056379,E,34080004,Sand Key,3,10,2012,3/10/2012,78,77,42,16,3,5,,3,1,683,1,,,
5057485,E,34030015,Shark's Reef (Catacombs),4,27,2012,4/27/2012,74,74,59,11,3,4,,2,3,683,1,,,
5058254,E,34080003,Rock Key,5,23,2012,5/23/2012,82,82,44,7,2,4,,3,1,683,1,,,
5058255,E,34080023,Marker 32 (Toppino Buoy) Shallow,5,24,2012,5/24/2012,82,82,41,15,2,4,,2,2,683,1,,,
5059831,N,34030008,French Reef,6,22,2012,6/22/2012,N/A,N/A,45,15,2,6,,2,6,683,1,,,
5060158,E,34080001,Western Sambo,7,6,2012,7/6/2012,83,82,42,15,3,4,,3,3,683,1,,,
5060347,E,34100283,Riley's Hump Station 2,7,11,2012,7/11/2012,N/A,82,28,17,3,10,,3,3,683,1,,,
5060363,E,34100100,Grouper Highway,7,14,2012,7/14/2012,N/A,81,39,11,5,10,,1,4,683,1,,,
5060633,N,34040002,Alligator Reef (Florida Keys),7,22,2012,7/22/2012,82,N/A,25,9,3,6,,2,3,683,1,,,
5060836,N,34030038,Spiegel Grove Wreck,7,26,2012,7/26/2012,N/A,82,31,9,5,8,,3,10,683,1,,,
5061566,E,34100378,NOAA Stn 7952,7,28,2012,7/28/2012,N/A,84,33,9,3,6,,2,3,683,1,,,
5061172,E,34080010,Joe's Tug,7,31,2012,7/31/2012,83,83,60,12,4,8,,2,10,683,1,,,
5061620,E,34100392,NOAA Stn N062,7,31,2012,7/31/2012,N/A,81,33,9,3,7,,2,3,683,1,,,
5061170,E,34080097,Vandenberg (Hoyt Vandenberg Artificial Reef),7,31,2012,7/31/2012,82,82,30,10,5,10,,1,10,683,1,,,
5061533,E,34080097,Vandenberg (Hoyt Vandenberg Artificial Reef),7,31,2012,7/31/2012,86,82,30,10,3,9,,1,10,683,1,,,
5061213,E,34030011,Benwood Wreck,8,1,2012,8/1/2012,N/A,84,57,20,2,4,,3,10,683,1,,,
5061217,E,34030011,Benwood Wreck,8,1,2012,8/1/2012,N/A,84,57,20,2,4,,3,10,683,1,,,
5061511,E,34080095,Marker 32 Deep (HV Monitoring Site),8,1,2012,8/1/2012,84,84,57,14,3,8,,3,3,683,1,,,
5061521,E,34080095,Marker 32 Deep (HV Monitoring Site),8,1,2012,8/1/2012,84,84,30,15,3,8,,3,4,683,1,,,
5061535,E,34080095,Marker 32 Deep (HV Monitoring Site),8,1,2012,8/1/2012,88,84,30,15,2,8,,3,4,683,1,,,
5061261,E,34080010,Joe's Tug,8,2,2012,8/2/2012,84,84,30,11,3,7,,3,10,683,1,,,
5061505,N,34080096,Eastern Dry Rocks Deep (HV Monitoring Site),8,3,2012,8/3/2012,90,85,45,15,2,8,,3,3,683,1,,,
5061561,E,34080096,Eastern Dry Rocks Deep (HV Monitoring Site),8,3,2012,8/3/2012,86,84,30,15,2,8,,3,4,683,1,,,
5062590,E,34040227,NOAA Site-Stn 1561   ,8,30,2012,8/30/2012,N/A,84,30,10,2,10,,3,4,683,1,,,
5062831,N,34030011,Benwood Wreck,9,5,2012,9/5/2012,85,75,50,10,4,6,,3,10,683,1,,,
5062833,N,34030011,Benwood Wreck,9,5,2012,9/5/2012,N/A,N/A,40,9,3,5,,2,10,683,1,,,
5064351,N,34030009,Molasses Reef / Logan's Run / Paul's Ledge M9,9,30,2012,9/30/2012,82,N/A,60,13,4,4,,2,2,683,1,,,
5065369,N,34030008,French Reef,10,8,2012,10/8/2012,N/A,N/A,60,14,3,4,,2,2,683,1,,,
5064366,E,34080097,Vandenberg (Hoyt Vandenberg Artificial Reef),10,18,2012,10/18/2012,N/A,82,32,10,5,10,,3,10,683,1,,,
5064519,N,34030008,French Reef,10,19,2012,10/19/2012,85,84,60,16,3,6,,3,2,683,1,,,
5064370,E,34080097,Vandenberg (Hoyt Vandenberg Artificial Reef),10,19,2012,10/19/2012,N/A,82,39,10,3,10,,3,10,683,1,,,
5065605,E,34080040,Ball & Chain,10,20,2012,10/20/2012,81,81,53,16,3,4,,3,1,683,1,,,
5065934,E,34080040,Ball & Chain,12,6,2012,12/6/2012,81,81,40,7,4,4,,3,2,683,1,,,
5069861,N,33020537,Bisc P7a,1,29,2013,1/29/2013,73,73,37,10,2,2,,3,2,683,1,,,
5069133,N,34030163,FKNMS W12,2,6,2013,2/6/2013,N/A,75,30,7,3,8,,2,5,683,1,,,
5067748,E,34080008,Eastern Dry Rocks Shallow,2,8,2013,2/8/2013,74,74,39,15,3,4,,3,2,683,1,,,
5067771,E,34080001,Western Sambo,2,9,2013,2/9/2013,74,74,42,16,4,4,,3,2,683,1,,,
5067936,E,34080075,Bahia Honda State Park Beach (Big Pine Key),2,14,2013,2/14/2013,75,75,97,11,2,2,,1,1,683,1,,,
5068032,N,34030011,Benwood Wreck,2,20,2013,2/20/2013,75,75,40,19,3,5,,3,10,683,1,,,
5068297,N,34030038,Spiegel Grove Wreck,3,5,2013,3/5/2013,74,74,38,21,3,10,,2,10,683,1,,,
5072663,N,34030011,Benwood Wreck,3,21,2013,3/21/2013,N/A,72,55,14,3,5,,3,10,683,1,,,
5069186,E,34080008,Eastern Dry Rocks Shallow,4,1,2013,4/1/2013,71,71,42,15,3,4,,3,2,683,1,,,
5081681,N,34030011,Benwood Wreck,4,3,2013,4/3/2013,82,69,52,9,3,4,,2,10,683,1,,,
5069794,E,34080004,Sand Key,4,25,2013,4/25/2013,85,85,39,16,3,4,,2,2,683,1,,,
5069796,E,34080003,Rock Key,4,26,2013,4/26/2013,75,75,41,16,4,4,,3,2,683,1,,,
5071820,N,34040009,Crockers Wall,5,19,2013,5/19/2013,79,79,56,14,4,7,,3,2,683,1,,,
5070719,E,34080003,Rock Key,5,26,2013,5/26/2013,80,80,44,16,3,4,,3,2,683,1,,,
5070817,E,34080003,Rock Key,5,27,2013,5/27/2013,81,81,44,16,3,4,,3,1,683,1,,,
5071292,N,34040006,Hens and Chickens Reef,6,4,2013,6/4/2013,81,81,45,10,2,3,,2,2,683,1,,,
5071298,N,34040006,Hens and Chickens Reef,6,4,2013,6/4/2013,81,81,45,10,2,3,,2,2,683,1,,,
5071829,N,34040006,Hens and Chickens Reef,6,4,2013,6/4/2013,81,81,52,10,2,4,,3,2,683,1,,,
5072317,E,34080008,Eastern Dry Rocks Shallow,6,23,2013,6/23/2013,83,83,46,15,3,4,,3,2,683,1,,,
5075863,N,34050078,"Calusa Beach, Bahia Honda SP",7,5,2013,7/5/2013,N/A,N/A,60,10,2,1,,1,1,683,1,,,
5073944,E,34100404,Riley's Hump Station 9   ,7,23,2013,7/23/2013,N/A,81,33,14,3,12,,3,3,683,1,,,
5075767,N,33020056,The Drop,8,1,2013,8/1/2013,86,86,60,9,4,8,,3,3,683,1,,,
5074198,E,34030011,Benwood Wreck,8,2,2013,8/2/2013,N/A,82,65,11,2,5,,2,10,683,1,,,
5074343,N,34070012,Cove,8,6,2013,8/6/2013,84,N/A,48,12,3,7,,2,1,683,1,,,
5074346,N,34070012,Cove,8,6,2013,8/6/2013,N/A,83,50,12,3,7,,2,1,683,1,,,
5074769,E,34030001,Anchor Chain E6,8,8,2013,8/8/2013,N/A,85,50,9,2,3,,2,3,683,1,,,
5074479,E,34030001,Anchor Chain E6,8,9,2013,8/9/2013,N/A,85,55,10,4,4,,2,2,683,1,,,
5074713,E,34030001,Anchor Chain E6,8,9,2013,8/9/2013,86,86,58,9,3,4,,3,1,683,1,,,
5080647,N,34030001,Anchor Chain E6,8,9,2013,8/9/2013,N/A,85,60,11,4,5,,3,3,683,1,,,
5075463,N,34040022,Cheeca Rocks,8,10,2013,8/10/2013,N/A,N/A,40,13,1,3,,1,2,683,1,,,
5074478,N,34040206,Crater Junior (Crater Jr.),8,10,2013,8/10/2013,85,84,50,11,2,4,,2,1,683,1,,,
5074648,E,34080097,Vandenberg (Hoyt Vandenberg Artificial Reef),8,13,2013,8/13/2013,87,86,28,11,5,9,,3,10,683,1,,,
5074942,N,34040155,Airstrip North,8,16,2013,8/16/2013,N/A,82,41,13,3,7,,3,3,683,1,,,
5075685,N,34040002,Alligator Reef (Florida Keys),9,4,2013,9/4/2013,N/A,83,94,15,3,3,,3,6,683,1,,,
5077364,N,34080123,Emitina,9,25,2013,9/25/2013,N/A,N/A,30,15,4,10,,3,4,683,1,,,
5078238,E,34080018,Western Dry Rocks,9,30,2013,9/30/2013,84,85,120,12,4,4,,3,2,683,1,,,
5076780,N,34040206,Crater Junior (Crater Jr.),10,3,2013,10/3/2013,82,82,50,15,3,6,,2,1,683,1,,,
5076782,N,34040160,Staghorn Forest,10,4,2013,10/4/2013,82,82,55,15,3,7,,2,1,683,1,,,
5076783,N,34040002,Alligator Reef (Florida Keys),10,5,2013,10/5/2013,82,82,145,11,3,4,,2,1,683,1,,,
5076795,N,34040002,Alligator Reef (Florida Keys),10,6,2013,10/6/2013,81,81,117,17,3,4,,2,1,683,1,,,
5076893,N,34040002,Alligator Reef (Florida Keys),10,9,2013,10/9/2013,82,82,142,15,3,4,,2,1,683,1,,,
5096946,N,34040002,Alligator Reef (Florida Keys),10,9,2013,10/9/2013,N/A,N/A,63,10,3,7,,3,1,683,1,,,
5076911,N,34040002,Alligator Reef (Florida Keys),10,10,2013,10/10/2013,81,81,138,15,2,4,,3,1,683,1,,,
5077489,N,34040002,Alligator Reef (Florida Keys),10,10,2013,10/10/2013,88,83,131,16,3,4,,3,1,683,1,,,
5098168,E,34040002,Alligator Reef (Florida Keys),10,10,2013,10/10/2013,82,82,120,7,4,4,,3,6,683,1,,,
5076968,N,34040002,Alligator Reef (Florida Keys),10,12,2013,10/12/2013,80,80,132,12,3,4,,3,1,683,1,,,
5076972,N,34040002,Alligator Reef (Florida Keys),10,12,2013,10/12/2013,81,81,110,15,2,4,,2,1,683,1,,,
5076975,N,34040002,Alligator Reef (Florida Keys),10,12,2013,10/12/2013,N/A,81,137,12,3,4,,3,1,683,1,,,
5077490,N,34040002,Alligator Reef (Florida Keys),10,12,2013,10/12/2013,86,83,150,12,3,4,,3,1,683,1,,,
5078802,N,34040002,Alligator Reef (Florida Keys),10,12,2013,10/12/2013,N/A,83,152,12,3,4,,3,1,683,1,,,
5077175,N,34040002,Alligator Reef (Florida Keys),10,15,2013,10/15/2013,N/A,77,100,17,3,4,,3,1,683,1,,,
5077179,N,34040002,Alligator Reef (Florida Keys),10,15,2013,10/15/2013,80,80,152,13,3,4,,2,1,683,1,,,
5077182,N,34040002,Alligator Reef (Florida Keys),10,17,2013,10/17/2013,81,81,120,17,2,4,,2,1,683,1,,,
5077407,N,34040002,Alligator Reef (Florida Keys),10,19,2013,10/19/2013,81,81,141,15,3,4,,2,1,683,1,,,
5077901,N,34040002,Alligator Reef (Florida Keys),10,20,2013,10/20/2013,N/A,N/A,120,12,3,4,,3,2,683,1,,,
5077409,N,34040002,Alligator Reef (Florida Keys),10,22,2013,10/22/2013,81,81,72,17,3,4,,2,1,683,1,,,
5077481,N,34040002,Alligator Reef (Florida Keys),10,22,2013,10/22/2013,N/A,82,139,14,3,4,,3,1,683,1,,,
5077564,N,34030071,Snapper Ledge,10,23,2013,10/23/2013,84,82,54,14,3,4,,3,6,683,1,,,
5077797,N,34030030,Sand Island,11,1,2013,11/1/2013,85,84,48,14,3,4,,2,3,683,1,,,
5077948,N,34040002,Alligator Reef (Florida Keys),11,2,2013,11/2/2013,79,79,125,12,3,4,,2,1,683,1,,,
5077950,N,34040002,Alligator Reef (Florida Keys),11,2,2013,11/2/2013,79,79,134,15,3,4,,2,1,683,1,,,
5081393,N,34040002,Alligator Reef (Florida Keys),11,2,2013,11/2/2013,N/A,N/A,131,12,3,4,,3,1,683,1,,,
5116543,N,34040002,Alligator Reef (Florida Keys),11,2,2013,11/2/2013,81,N/A,124,12,3,3,4,3,1,683,1,,,
5077963,N,34040002,Alligator Reef (Florida Keys),11,7,2013,11/7/2013,N/A,77,61,15,3,4,,3,1,683,1,,,
5078375,N,34040002,Alligator Reef (Florida Keys),11,7,2013,11/7/2013,77,77,137,14,3,4,,3,1,683,1,,,
5078378,N,34040162,Alligator Mound A5,11,12,2013,11/12/2013,78,78,55,11,3,10,,2,4,683,1,,,
5078098,N,34040002,Alligator Reef (Florida Keys),11,12,2013,11/12/2013,N/A,75,140,10,3,4,,3,1,683,1,,,
5078103,N,34040002,Alligator Reef (Florida Keys),11,12,2013,11/12/2013,78,78,115,12,3,3,,2,2,683,1,,,
5078352,N,34080061,Clarence Higgs Park,11,20,2013,11/20/2013,81,N/A,45,12,4,1,,2,10,683,1,,,
5078355,N,34080061,Clarence Higgs Park,11,20,2013,11/20/2013,86,77,45,10,4,1,,2,2,683,1,,,
5078356,N,34080061,Clarence Higgs Park,11,20,2013,11/20/2013,81,N/A,45,11,3,1,,3,10,683,1,,,
5078357,N,34080061,Clarence Higgs Park,11,20,2013,11/20/2013,84,86,60,9,1,1,,3,10,683,1,,,
5078374,N,34080061,Clarence Higgs Park,11,20,2013,11/20/2013,82,N/A,45,13,3,1,,2,10,683,1,,,
5078366,N,34040207,Les's Bluff / The Bluff,11,20,2013,11/20/2013,78,78,72,13,3,6,,1,1,683,1,,,
5078407,N,34040205,Jumping Mackerel (Jumpin Mac),11,23,2013,11/23/2013,87,77,59,10,3,7,,3,3,683,1,,,
5078785,N,34030009,Molasses Reef / Logan's Run / Paul's Ledge M9,12,2,2013,12/2/2013,76,79,49,14,3,5,,2,6,683,1,,,
5078782,N,34040002,Alligator Reef (Florida Keys),12,3,2013,12/3/2013,79,78,147,11,3,4,,3,1,683,1,,,
5079463,N,34030043,Spikes Ridge (off Elbow),12,3,2013,12/3/2013,N/A,78,65,9,3,4,,3,2,683,1,,,
5085174,N,34030043,Spikes Ridge (off Elbow),12,3,2013,12/3/2013,79,79,65,9,5,5,,3,3,683,1,,,
5079568,N,34030011,Benwood Wreck,12,17,2013,12/17/2013,80,78,45,10,3,5,,1,10,683,1,,,
5079573,N,34030011,Benwood Wreck,12,18,2013,12/18/2013,82,77,55,14,3,4,,1,10,683,1,,,
5079577,N,34030008,French Reef,12,19,2013,12/19/2013,79,77,57,10,2,4,,1,2,683,1,,,
5079958,E,34040160,Staghorn Forest,1,12,2014,1/12/2014,80,74,61,10,3,7,,3,3,683,1,,,
5079919,E,34070012,Cove,1,13,2014,1/13/2014,81,75,73,12,3,7,,3,1,683,1,,,
5082013,E,34040034,Purvis Reef,3,23,2014,3/23/2014,82,74,63,13,3,6,,2,3,683,1,,,
5082987,E,34050001,Sombrero Reef / Light,4,29,2014,4/29/2014,81,79,54,14,3,3,,2,2,683,1,,,
5082988,E,34050001,Sombrero Reef / Light,4,29,2014,4/29/2014,88,81,52,16,3,4,,2,2,683,1,,,
5084724,E,34040002,Alligator Reef (Florida Keys),6,15,2014,6/15/2014,84,81,76,12,2,4,,2,1,683,1,,,
5084727,E,34040002,Alligator Reef (Florida Keys),6,15,2014,6/15/2014,84,81,79,12,2,4,,2,1,683,1,,,
5086739,E,34080095,Marker 32 Deep (HV Monitoring Site),7,7,2014,7/7/2014,86,N/A,30,15,3,8,,2,4,683,1,,,
5086132,E,34080001,Western Sambo,7,9,2014,7/9/2014,86,85,60,11,3,3,,3,2,683,1,,,
5086291,E,34080001,Western Sambo,7,9,2014,7/9/2014,N/A,83,60,11,3,4,,3,2,683,1,,,
5086569,E,34080001,Western Sambo,7,9,2014,7/9/2014,N/A,86,61,11,3,4,,2,2,683,1,,,
5086137,E,34080096,Eastern Dry Rocks Deep (HV Monitoring Site),7,10,2014,7/10/2014,83,83,30,15,3,9,,3,4,683,1,,,
5086144,E,34080096,Eastern Dry Rocks Deep (HV Monitoring Site),7,10,2014,7/10/2014,86,83,30,14,3,8,,3,4,683,1,,,
5086147,E,34040002,Alligator Reef (Florida Keys),7,12,2014,7/12/2014,85,83,115,11,4,4,,3,1,683,1,,,
5086657,E,34040056,San Felipe - El Terri,7,20,2014,7/20/2014,89,89,83,15,2,3,,3,1,683,1,,,
5087230,E,34100451,NOAA Site-Stn 26372,7,21,2014,7/21/2014,N/A,86,29,16,2,6,,2,2,683,1,,,
5087232,E,34100453,NOAA Site-Stn 23342,7,22,2014,7/22/2014,N/A,81,33,10,4,11,,3,3,683,1,,,
5087240,E,34100461,NOAA Site-Stn 22592,7,24,2014,7/24/2014,N/A,86,33,10,2,6,,3,6,683,1,,,
5087220,E,34100056,Mushroom/Judge,7,25,2014,7/25/2014,N/A,84,36,15,5,8,,2,2,683,1,,,
5087246,E,34100468,NOAA Site-Stn 25992,7,26,2014,7/26/2014,N/A,86,33,8,5,6,,3,4,683,1,,,
5086929,E,34040018,Victory Reef,7,26,2014,7/26/2014,84,80,56,9,3,7,,3,3,683,1,,,
5087251,E,34100475,Loggerhead Forest,7,27,2014,7/27/2014,N/A,86,31,8,3,7,,3,3,683,1,,,
5088166,E,34030199,NOAA Site-Stn 11182,8,21,2014,8/21/2014,N/A,88,27,13,2,2,,3,3,683,1,,,
5091030,E,34050088,Henry’s Light,9,26,2014,9/26/2014,86,84,55,12,3,6,,2,3,683,1,,,
5089655,E,34040008,Tennessee Reef Research,9,28,2014,9/28/2014,83,83,61,13,3,5,,2,3,683,1,,,
5090487,E,34030152,FKNMS P2,9,29,2014,9/29/2014,87,83,30,15,2,3,,3,1,683,1,,,
5089951,E,34050007,Herman's Hole,9,30,2014,9/30/2014,90,86,85,11,3,4,,2,2,683,1,,,
5089952,E,34050007,Herman's Hole,9,30,2014,9/30/2014,90,86,75,13,3,4,,3,2,683,1,,,
5091126,E,34040002,Alligator Reef (Florida Keys),11,11,2014,11/11/2014,79,79,100,11,3,4,,3,3,683,1,,,
5091184,E,34040002,Alligator Reef (Florida Keys),11,11,2014,11/11/2014,77,77,103,10,4,4,,2,1,683,1,,,
5080472,N,34030149,Christmas Tree Cave ( near Buoy F3),2,1,2014,2/1/2014,75,73,58,14,2,5,,3,1,683,1,,,
5081690,N,34040228,NOAA Site-Stn 1572   ,3,1,2014,3/1/2014,79,79,45,9,6,9,,2,10,683,1,,,
5081559,N,34030166,FKNMS P13,3,12,2014,3/12/2014,76,76,44,14,2,2,,3,2,683,1,,,
5081558,N,34030167,FKNMS P14,3,12,2014,3/12/2014,76,76,43,13,2,3,,3,2,683,1,,,
5081557,N,34030165,FKNMS W13,3,12,2014,3/12/2014,77,77,50,9,5,7,,3,2,683,1,,,
5081700,N,34030159,FKNMS P8,3,14,2014,3/14/2014,77,77,25,13,2,3,,3,2,683,1,,,
5083586,N,34040034,Purvis Reef,3,23,2014,3/23/2014,77,77,60,10,4,6,,2,2,683,1,,,
5082324,N,34040145,Ten 2A,3,29,2014,3/29/2014,78,76,34,12,4,4,,2,3,683,1,,,
5082326,N,34040146,Ten 3A,3,29,2014,3/29/2014,80,76,36,15,2,5,,3,3,683,1,,,
5083587,N,33020215,60-11C (SE Park),3,30,2014,3/30/2014,76,76,45,13,6,6,,1,2,683,1,,,
5094605,N,34030179,French Ledge / F12 / Woodys Ledge (French Reef),5,16,2014,5/16/2014,N/A,N/A,55,7,4,5,,2,6,683,1,,,
5100062,N,34030026,Duane Wreck,5,18,2014,5/18/2014,N/A,78,30,9,4,10,,2,10,683,1,,,
5084424,N,34030028,Minnow Caves / North Dry Rocks,6,11,2014,6/11/2014,80,N/A,30,9,4,1,,2,2,683,1,,,
5084744,N,34040002,Alligator Reef (Florida Keys),6,15,2014,6/15/2014,N/A,80,75,13,2,4,,1,2,683,1,,,
5085964,N,34080008,Eastern Dry Rocks Shallow,7,4,2014,7/4/2014,87,82,38,11,5,6,,3,3,683,1,,,
5085963,N,34080010,Joe's Tug,7,4,2014,7/4/2014,86,83,34,9,5,7,,3,10,683,1,,,
5116567,N,34040002,Alligator Reef (Florida Keys),7,14,2014,7/14/2014,N/A,N/A,125,11,3,3,4,3,1,683,1,,,
5086308,N,34040002,Alligator Reef (Florida Keys),7,15,2014,7/15/2014,N/A,N/A,120,11,3,3,,3,1,683,1,,,
5087359,N,34030009,Molasses Reef / Logan's Run / Paul's Ledge M9,8,1,2014,8/1/2014,90,86,54,14,4,5,,2,1,683,1,,,
5090480,N,34030159,FKNMS P8,9,22,2014,9/22/2014,N/A,83,45,13,2,3,,3,3,683,1,,,
5090476,N,34030157,FKNMS W7,9,22,2014,9/22/2014,N/A,83,37,12,4,7,,3,3,683,1,,,
5089365,N,34030153,FKNMS P4,9,24,2014,9/24/2014,88,82,55,16,2,4,,2,2,683,1,,,
5090827,N,34040002,Alligator Reef (Florida Keys),10,3,2014,10/3/2014,82,82,92,13,3,3,,2,2,683,1,,,
5092241,N,34040002,Alligator Reef (Florida Keys),10,3,2014,10/3/2014,N/A,86,130,14,3,4,,3,1,683,1,,,
5090504,N,34040017,Hammerhead Reef,10,7,2014,10/7/2014,N/A,82,47,11,5,6,,3,3,683,1,,,
5089996,N,34040018,Victory Reef,10,7,2014,10/7/2014,N/A,N/A,46,9,2,6,,2,1,683,1,,,
5091547,N,34040003,Davis Reef,10,19,2014,10/19/2014,N/A,81,59,11,4,6,,2,3,683,1,,,
5091038,N,34040002,Alligator Reef (Florida Keys),10,21,2014,10/21/2014,79,79,80,11,4,3,,2,2,683,1,,,
5091548,N,34040003,Davis Reef,11,10,2014,11/10/2014,N/A,81,59,7,3,6,,2,3,683,1,,,
5093681,N,34030026,Duane Wreck,12,21,2014,12/21/2014,74,76,32,8,6,9,,1,10,683,1,,,
5093072,N,34030178,Sand Bottom Caves (French Reef - Ball F5),12,27,2014,12/27/2014,N/A,74,60,9,2,5,,2,2,683,1,,,
5094161,N,34040018,Victory Reef,2,8,2015,2/8/2015,N/A,N/A,45,9,3,7,,2,4,683,1,,,
5094287,E,34040002,Alligator Reef (Florida Keys),2,15,2015,2/15/2015,68,65,105,14,3,4,,3,1,683,1,,,
5094391,N,34040002,Alligator Reef (Florida Keys),2,15,2015,2/15/2015,N/A,71,60,15,5,4,,3,2,683,1,,,
5094470,N,34040002,Alligator Reef (Florida Keys),2,15,2015,2/15/2015,72,72,57,15,4,4,,3,6,683,1,,,
5095772,N,33020540,Bisc P12a,3,16,2015,3/16/2015,75,75,32,15,2,3,,2,2,683,1,,,
5095773,N,33020233,Bisc W13,3,16,2015,3/16/2015,76,75,45,9,4,6,,2,5,683,1,,,
5100687,E,33020232,Bisc W12,3,18,2015,3/18/2015,78,75,45,10,5,8,,2,2,683,1,,,
5095319,E,33020119,Bisc 30a,3,19,2015,3/19/2015,N/A,75,40,12,3,5,,2,3,683,1,,,
5095458,N,34030008,French Reef,3,20,2015,3/20/2015,75,76,49,14,3,5,,3,1,683,1,,,
5095577,E,34030166,FKNMS P13,3,24,2015,3/24/2015,N/A,74,36,14,2,3,,2,1,683,1,,,
5099959,N,34030160,FKNMS P30,3,26,2015,3/26/2015,73,72,72,15,2,4,,2,2,683,1,,,
5095655,E,34040163,Islamorada Fingers,3,27,2015,3/27/2015,N/A,75,60,14,3,7,,3,1,683,1,,,
5095770,N,34040007,Wreck of the Eagle,3,27,2015,3/27/2015,77,76,47,12,4,10,,3,10,683,1,,,
5095831,E,34040002,Alligator Reef (Florida Keys),3,30,2015,3/30/2015,N/A,74,120,16,4,4,,3,1,683,1,,,
5095966,E,34040002,Alligator Reef (Florida Keys),3,30,2015,3/30/2015,N/A,68,117,16,3,4,,3,1,683,1,,,
5096972,E,34040007,Wreck of the Eagle,5,1,2015,5/1/2015,N/A,68,39,9,2,8,,3,10,683,1,,,
5098905,E,34040061,The Chutes,6,13,2015,6/13/2015,N/A,80,53,10,5,9,,3,2,683,1,,,
5099579,N,34080097,Vandenberg (Hoyt Vandenberg Artificial Reef),6,19,2015,6/19/2015,N/A,86,25,10,5,11,,3,10,683,1,,,
5099739,E,34040207,Les's Bluff / The Bluff,6,27,2015,6/27/2015,84,83,45,10,4,7,,3,3,683,1,,,
5101393,E,34040207,Les's Bluff / The Bluff,6,27,2015,6/27/2015,86,84,41,10,4,7,,3,1,683,1,,,
5100545,N,34030008,French Reef,7,1,2015,7/1/2015,N/A,86,63,16,3,5,,3,2,683,1,,,
5100128,E,34100205,Rileys Hump Station 12,7,3,2015,7/3/2015,N/A,81,33,8,4,11,,1,3,683,1,,,
5100018,N,34040045,Canyon Lands,7,4,2015,7/4/2015,85,85,45,12,4,7,,3,2,683,1,,,
5100078,E,34080095,Marker 32 Deep (HV Monitoring Site),7,6,2015,7/6/2015,N/A,84,30,15,2,8,,3,4,683,1,,,
5100089,E,34080095,Marker 32 Deep (HV Monitoring Site),7,6,2015,7/6/2015,86,86,30,14,2,8,,3,2,683,1,,,
5100092,N,34080095,Marker 32 Deep (HV Monitoring Site),7,6,2015,7/6/2015,87,85,45,15,3,9,,3,2,683,1,,,
5100157,N,34080095,Marker 32 Deep (HV Monitoring Site),7,6,2015,7/6/2015,86,86,38,11,2,9,,3,4,683,1,,,
5100240,E,34080095,Marker 32 Deep (HV Monitoring Site),7,6,2015,7/6/2015,86,86,30,14,3,8,,3,2,683,1,,,
5100104,E,34080097,Vandenberg (Hoyt Vandenberg Artificial Reef),7,7,2015,7/7/2015,N/A,80,30,9,2,9,,3,10,683,1,,,
5100107,E,34080097,Vandenberg (Hoyt Vandenberg Artificial Reef),7,7,2015,7/7/2015,83,80,30,10,2,9,,3,10,683,1,,,
5100323,E,34080094,Western Sambos Deep (HV monitoring site),7,9,2015,7/9/2015,86,86,30,10,3,8,,3,2,683,1,,,
5100415,E,34080094,Western Sambos Deep (HV monitoring site),7,9,2015,7/9/2015,81,81,30,10,2,8,,3,4,683,1,,,
5100728,E,34080094,Western Sambos Deep (HV monitoring site),7,9,2015,7/9/2015,86,86,30,10,3,8,,3,2,683,1,,,
5100301,E,34080096,Eastern Dry Rocks Deep (HV Monitoring Site),7,10,2015,7/10/2015,N/A,83,30,10,3,8,,3,3,683,1,,,
5100330,E,34080096,Eastern Dry Rocks Deep (HV Monitoring Site),7,10,2015,7/10/2015,85,83,30,10,3,7,,3,3,683,1,,,
5100334,E,34080096,Eastern Dry Rocks Deep (HV Monitoring Site),7,10,2015,7/10/2015,N/A,86,30,10,3,9,,3,2,683,1,,,
5100336,E,34080008,Eastern Dry Rocks Shallow,7,10,2015,7/10/2015,N/A,84,60,11,3,4,,3,2,683,1,,,
5102044,E,34040003,Davis Reef,8,13,2015,8/13/2015,N/A,85,128,2,4,4,,2,1,683,1,,,
5102058,E,34040065,Yellowtail Sandhole,8,13,2015,8/13/2015,N/A,85,60,12,3,6,,2,1,683,1,,,
5102473,E,34070012,Cove,8,22,2015,8/22/2015,N/A,85,75,11,3,7,,3,1,683,1,,,
5102543,N,34040207,Les's Bluff / The Bluff,8,22,2015,8/22/2015,83,83,38,14,3,7,,3,1,683,1,,,
5103281,E,34040207,Les's Bluff / The Bluff,8,22,2015,8/22/2015,N/A,86,37,15,2,7,,3,1,683,1,,,
5102605,N,34030011,Benwood Wreck,8,24,2015,8/24/2015,85,87,54,14,3,5,,3,10,683,1,,,
5102951,N,34040134,Conch Wall,9,2,2015,9/2/2015,83,87,38,14,3,8,,1,5,683,1,,,
5103121,E,34070001,Long Key Ledge,9,6,2015,9/6/2015,N/A,86,60,16,2,4,,2,1,683,1,,,
5103718,E,34030071,Snapper Ledge,9,25,2015,9/25/2015,88,88,77,9,4,4,,3,3,683,1,,,
5105598,E,34030003,South Ledges/Undersea Highway E3,9,25,2015,9/25/2015,82,82,62,11,3,4,,2,2,683,1,,,
5104323,N,34030009,Molasses Reef / Logan's Run / Paul's Ledge M9,10,1,2015,10/1/2015,N/A,86,37,13,3,9,,2,1,683,1,,,
5104550,N,34040002,Alligator Reef (Florida Keys),10,8,2015,10/8/2015,90,85,53,13,3,4,,3,1,683,1,,,
5104572,N,34030043,Spikes Ridge (off Elbow),10,10,2015,10/10/2015,N/A,85,61,11,3,5,,2,6,683,1,,,
5104664,N,34030043,Spikes Ridge (off Elbow),10,10,2015,10/10/2015,86,86,61,11,4,5,,2,3,683,1,,,
5105719,E,34040061,The Chutes,10,18,2015,10/18/2015,N/A,81,43,9,3,8,,3,5,683,1,,,
5105825,E,34030163,FKNMS W12,10,24,2015,10/24/2015,N/A,81,24,12,3,6,,3,2,683,1,,,
5105831,E,33020223,60-6d,10,26,2015,10/26/2015,N/A,81,22,11,3,7,,2,2,683,1,,,
5105156,E,33020215,60-11C (SE Park),10,27,2015,10/27/2015,81,79,30,15,3,7,,2,6,683,1,,,
5105155,E,33020208,60-4b,10,27,2015,10/27/2015,81,79,32,11,3,7,,3,6,683,1,,,
5105129,N,34030152,FKNMS P2,10,30,2015,10/30/2015,85,82,30,10,1,3,,3,1,683,1,,,
5105130,N,34030153,FKNMS P4,10,30,2015,10/30/2015,84,82,39,11,2,3,,3,1,683,1,,,
5105150,E,34030160,FKNMS P30,10,31,2015,10/31/2015,81,79,30,16,1,3,,3,3,683,1,,,
5105149,E,34030159,FKNMS P8,10,31,2015,10/31/2015,81,79,30,15,2,3,,3,3,683,1,,,
5106238,N,34030011,Benwood Wreck,12,5,2015,12/5/2015,79,78,52,10,3,4,,2,10,683,1,,,
5106530,N,34030009,Molasses Reef / Logan's Run / Paul's Ledge M9,12,10,2015,12/10/2015,74,78,52,14,3,4,,2,1,683,1,,,
5106558,N,34040132,Davey Crocker,12,12,2015,12/12/2015,78,72,55,9,3,4,,3,3,683,1,,,
5106805,N,34030166,FKNMS P13,12,15,2015,12/15/2015,83,79,40,15,2,3,,2,1,683,1,,,
5106810,N,34030008,French Reef,12,17,2015,12/17/2015,78,78,49,14,3,5,,2,1,683,1,,,
5107003,N,34030179,French Ledge / F12 / Woodys Ledge (French Reef),12,26,2015,12/26/2015,N/A,79,61,10,3,5,,2,1,683,1,,,
5107337,N,34030038,Spiegel Grove Wreck,12,28,2015,12/28/2015,N/A,79,28,10,3,13,,2,10,683,1,,,
5107306,N,34030009,Molasses Reef / Logan's Run / Paul's Ledge M9,1,2,2016,1/2/2016,75,78,53,14,4,5,,2,1,683,1,,,
5107912,N,33020608,SG2_C (Soldier Key),1,12,2016,1/12/2016,82,82,40,10,3,1,,2,2,683,1,,,
5108024,E,34040163,Islamorada Fingers,1,30,2016,1/30/2016,68,70,37,13,2,7,7,2,2,683,1,,,
5108023,E,34040025,The Garden (Rocky Top Reef),1,30,2016,1/30/2016,68,70,55,14,3,4,4,2,2,683,1,,,
5109746,E,34040007,Wreck of the Eagle,3,25,2016,3/25/2016,76,73,40,7,4,9,11,3,10,683,1,,,
5109772,E,34040002,Alligator Reef (Florida Keys),3,26,2016,3/26/2016,N/A,74,112,14,3,4,4,3,6,683,1,,,
5109791,E,34040002,Alligator Reef (Florida Keys),3,26,2016,3/26/2016,N/A,74,113,14,3,4,4,2,6,683,1,,,
5111834,N,34040002,Alligator Reef (Florida Keys),4,1,2016,4/1/2016,N/A,79,110,13,4,3,4,3,1,683,1,,,
5109947,N,34040002,Alligator Reef (Florida Keys),4,2,2016,4/2/2016,78,78,95,14,4,4,4,2,3,683,1,,,
5110255,N,34040002,Alligator Reef (Florida Keys),4,8,2016,4/8/2016,79,79,106,15,3,3,4,2,1,683,1,,,
5110387,E,34040002,Alligator Reef (Florida Keys),4,12,2016,4/12/2016,N/A,76,60,9,3,4,4,3,2,683,1,,,
5110722,N,34040209,No Name,4,16,2016,4/16/2016,82,78,46,13,3,5,6,2,1,683,1,,,
5110719,E,34040002,Alligator Reef (Florida Keys),4,24,2016,4/24/2016,N/A,76,113,12,3,3,4,3,6,683,1,,,
5132326,E,34040002,Alligator Reef (Florida Keys),4,24,2016,4/24/2016,79,79,120,11,3,4,4,3,2,683,1,,,
5111191,E,34040163,Islamorada Fingers,4,30,2016,4/30/2016,N/A,79,53,9,3,7,8,1,3,683,1,,,
5111144,N,34030130,Cannon Beach (John Pennekamp State Park),5,10,2016,5/10/2016,N/A,79,60,16,1,2,3,3,10,683,1,,,
5111535,E,34100476,Mordor,5,17,2016,5/17/2016,N/A,75,36,10,3,10,10,3,2,683,1,,,
5111538,E,34100505,NOAA Site-Stn 22181,5,17,2016,5/17/2016,N/A,77,34,15,3,6,7,3,2,683,1,,,
5111534,E,34100502,NOAA Site-Stn 22591,5,17,2016,5/17/2016,N/A,77,35,8,3,8,8,3,2,683,1,,,
5111685,N,34030009,Molasses Reef / Logan's Run / Paul's Ledge M9,5,24,2016,5/24/2016,80,80,40,10,4,4,6,1,1,683,1,,,
5111687,E,34030009,Molasses Reef / Logan's Run / Paul's Ledge M9,5,24,2016,5/24/2016,N/A,82,39,10,3,4,4,1,6,683,1,,,
5111764,N,34030167,FKNMS P14,5,26,2016,5/26/2016,86,84,58,13,3,4,4,3,1,683,1,,,
5111763,N,34040166,The Landing Strip,5,26,2016,5/26/2016,80,80,55,15,4,5,5,2,3,683,1,,,
5111768,N,34040166,The Landing Strip,5,26,2016,5/26/2016,83,80,50,15,3,5,5,3,3,683,1,,,
5111823,N,34040166,The Landing Strip,5,26,2016,5/26/2016,82,82,45,15,4,5,5,2,6,683,1,,,
5112520,N,34040002,Alligator Reef (Florida Keys),5,27,2016,5/27/2016,83,81,120,11,7,3,3,3,1,683,1,,,
5112805,E,34100522,NOAA Site-Stn 23401,6,2,2016,6/2/2016,N/A,79,32,12,5,9,9,1,2,683,1,,,
5112883,N,34040163,Islamorada Fingers,6,4,2016,6/4/2016,N/A,84,63,11,3,6,7,2,6,683,1,,,
5112816,E,34100532,Chernobyl,6,5,2016,6/5/2016,N/A,78,33,8,3,9,10,2,2,683,1,,,
5112786,N,34040031,Pillars of Atlantis,6,12,2016,6/12/2016,89,81,50,10,2,4,4,3,10,683,1,,,
5113416,N,34030011,Benwood Wreck,6,15,2016,6/15/2016,N/A,82,54,14,5,5,10,3,1,683,1,,,
5117822,N,34040007,Wreck of the Eagle,6,18,2016,6/18/2016,N/A,82,40,10,5,9,11,3,10,683,1,,,
5113379,N,34040002,Alligator Reef (Florida Keys),6,19,2016,6/19/2016,82,N/A,64,21,4,4,4,3,1,683,1,,,
5114319,N,34040002,Alligator Reef (Florida Keys),6,19,2016,6/19/2016,80,80,60,9,3,3,4,3,1,683,1,,,
5113381,N,34040019,Crocker Reef,6,20,2016,6/20/2016,N/A,82,44,9,4,6,7,2,1,683,1,,,
5113739,N,34040019,Crocker Reef,6,20,2016,6/20/2016,90,80,60,9,3,8,10,2,2,683,1,,,
5113902,N,34040169,Angela,6,22,2016,6/22/2016,N/A,82,44,10,4,5,7,3,2,683,1,,,
5113614,E,34080140,NOAA Site-Stn 14242,6,22,2016,6/22/2016,N/A,82,26,13,3,5,6,2,3,683,1,,,
5113465,E,34040061,The Chutes,6,22,2016,6/22/2016,N/A,81,58,9,4,9,11,3,4,683,1,,,
5113687,N,34030011,Benwood Wreck,6,27,2016,6/27/2016,85,83,52,14,3,5,6,2,10,683,1,,,
5114035,E,34080153,NOAA Site-Stn 13822,6,27,2016,6/27/2016,N/A,85,18,16,2,3,3,3,2,683,1,,,
5114254,N,34030008,French Reef,7,8,2016,7/8/2016,86,84,49,14,3,5,6,2,1,683,1,,,
5114636,N,34070001,Long Key Ledge,7,14,2016,7/14/2016,89,89,51,13,3,4,4,2,6,683,1,,,
5114860,E,34040063,57 Parallel,7,22,2016,7/22/2016,N/A,83,65,13,4,7,7,3,1,683,1,,,
5115763,N,34040063,57 Parallel,7,22,2016,7/22/2016,N/A,86,45,12,4,7,7,2,1,683,1,,,
5115327,N,34070018,Independence,7,30,2016,7/30/2016,85,85,69,10,6,4,4,3,1,683,1,,,
5115502,N,34040020,Aquarium Reef / A&B Patch,8,5,2016,8/5/2016,88,87,55,13,3,5,5,2,3,683,1,,,
5117328,N,34030002,South South Ledges E2,8,9,2016,8/9/2016,N/A,84,50,11,4,6,6,3,2,683,1,,,
5115658,N,34050026,Newfound Harbor SPA,8,10,2016,8/10/2016,87,N/A,90,10,2,1,1,2,2,683,1,,,
5116192,E,34040004,Conch Reef,8,23,2016,8/23/2016,N/A,85,33,9,4,10,11,3,4,683,1,,,
5116663,N,34070014,Gunsight,9,4,2016,9/4/2016,85,N/A,45,16,4,4,4,2,1,683,1,,,
5117938,N,34070013,Cove Point,9,5,2016,9/5/2016,85,N/A,63,7,4,7,7,1,1,683,1,,,
5116669,E,34070014,Gunsight,9,5,2016,9/5/2016,N/A,83,60,15,4,4,4,1,2,683,1,,,
5117221,N,34060020,Looe Key - Marker 11,9,19,2016,9/19/2016,84,N/A,120,10,3,1,1,2,2,683,1,,,
5117624,E,34030008,French Reef,9,23,2016,9/23/2016,N/A,86,36,9,3,9,10,3,2,683,1,,,
5132348,E,34040113,Aquarius S4 30m Site,9,28,2016,9/28/2016,79,79,45,13,3,7,8,3,10,683,1,,,
5118291,E,34030011,Benwood Wreck,9,30,2016,9/30/2016,N/A,85,62,10,3,5,6,2,10,683,1,,,
5117840,N,34030011,Benwood Wreck,10,1,2016,10/1/2016,N/A,84,63,10,3,5,7,2,1,683,1,,,
5121537,N,34030011,Benwood Wreck,10,1,2016,10/1/2016,N/A,85,66,10,4,5,6,3,10,683,1,,,
5121823,N,34030011,Benwood Wreck,10,1,2016,10/1/2016,85,85,65,10,3,5,6,2,10,683,1,,,
5121824,N,34030178,Sand Bottom Caves (French Reef - Ball F5),10,1,2016,10/1/2016,85,85,63,11,4,5,6,2,2,683,1,,,
5117986,N,34040018,Victory Reef,10,1,2016,10/1/2016,89,86,48,11,2,6,7,2,1,683,1,,,
5118280,N,34040206,Crater Junior (Crater Jr.),10,5,2016,10/5/2016,85,85,61,8,3,5,6,3,1,683,1,,,
5118101,E,34040002,Alligator Reef (Florida Keys),10,8,2016,10/8/2016,N/A,81,117,13,3,4,4,3,1,683,1,,,
5120289,N,34040002,Alligator Reef (Florida Keys),10,8,2016,10/8/2016,79,79,124,14,3,4,5,3,1,683,1,,,
5119177,N,34030177,Northstar (Molasses Reef),11,4,2016,11/4/2016,75,80,55,14,4,5,5,3,2,683,1,,,
5119406,N,34040002,Alligator Reef (Florida Keys),11,9,2016,11/9/2016,86,N/A,122,7,3,4,4,3,1,683,1,,,
5121200,E,34030011,Benwood Wreck,11,9,2016,11/9/2016,N/A,79,47,11,3,5,6,3,3,683,1,,,
5119428,N,34030009,Molasses Reef / Logan's Run / Paul's Ledge M9,11,9,2016,11/9/2016,73,80,48,14,3,5,5,2,2,683,1,,,
5119628,E,34040002,Alligator Reef (Florida Keys),11,14,2016,11/14/2016,N/A,78,112,16,3,4,4,3,1,683,1,,,
5134111,N,34030178,Sand Bottom Caves (French Reef - Ball F5),11,27,2016,11/27/2016,77,79,52,15,2,4,5,2,1,683,1,,,
5121386,N,34030001,Anchor Chain E6,11,28,2016,11/28/2016,79,79,43,10,2,4,4,1,1,683,1,,,
5120209,N,34030009,Molasses Reef / Logan's Run / Paul's Ledge M9,12,1,2016,12/1/2016,77,78,49,14,3,5,6,2,1,683,1,,,
5120437,N,34030210,Eagle Ray Alley (Molasses Reef),12,8,2016,12/8/2016,78,78,47,14,4,5,6,3,1,683,1,,,
5120908,E,34040206,Crater Junior (Crater Jr.),12,17,2016,12/17/2016,80,78,45,10,3,5,5,3,3,683,1,,,
5120907,E,34040007,Wreck of the Eagle,12,17,2016,12/17/2016,80,78,30,9,4,9,10,2,10,683,1,,,
5121913,N,34030178,Sand Bottom Caves (French Reef - Ball F5),12,22,2016,12/22/2016,82,82,65,11,3,5,6,3,2,683,1,,,
5123348,N,34030011,Benwood Wreck,2,18,2017,2/18/2017,N/A,72,53,10,3,4,4,3,10,683,1,,,
5124489,N,34040001,Pickles Reef / Pickle Barrel Wreck,3,17,2017,3/17/2017,72,71,47,10,3,4,5,3,2,683,1,,,
5124651,N,34040001,Pickles Reef / Pickle Barrel Wreck,3,17,2017,3/17/2017,75,75,46,10,3,3,5,3,2,683,1,,,
5124241,N,34030015,Shark's Reef (Catacombs),3,18,2017,3/18/2017,N/A,67,46,8,4,6,6,3,1,683,1,,,
5124478,N,34040007,Wreck of the Eagle,3,19,2017,3/19/2017,71,71,40,10,3,9,11,3,10,683,1,,,
5124375,E,34030210,Eagle Ray Alley (Molasses Reef),3,23,2017,3/23/2017,74,N/A,60,9,3,4,4,2,2,683,1,,,
5124439,N,34030011,Benwood Wreck,3,28,2017,3/28/2017,N/A,75,49,19,2,5,5,3,10,683,1,,,
5124049,N,34030210,Eagle Ray Alley (Molasses Reef),3,28,2017,3/28/2017,N/A,78,46,14,3,4,4,2,2,683,1,,,
5124154,N,34030032,Banana Reef (Grecian Rocks 1),3,31,2017,3/31/2017,N/A,79,50,16,1,3,4,3,3,683,1,,,
5124486,N,34030032,Banana Reef (Grecian Rocks 1),3,31,2017,3/31/2017,79,78,51,15,1,4,4,2,2,683,1,,,
5124147,E,34030149,Christmas Tree Cave ( near Buoy F3),3,31,2017,3/31/2017,81,77,49,10,3,5,6,2,1,683,1,,,
5124197,E,34030149,Christmas Tree Cave ( near Buoy F3),3,31,2017,3/31/2017,83,78,60,11,3,4,5,2,2,683,1,,,
5124172,E,34040163,Islamorada Fingers,4,1,2017,4/1/2017,N/A,75,66,7,3,6,7,2,3,683,1,,,
5124173,E,34040025,The Garden (Rocky Top Reef),4,1,2017,4/1/2017,N/A,76,45,14,2,4,4,3,3,683,1,,,
5125825,N,34030182,Fire Coral Caves / Permit Ledges M1,4,7,2017,4/7/2017,N/A,N/A,45,7,3,4,4,3,2,683,1,,,
5124885,E,34040111,Runway Reef,4,23,2017,4/23/2017,N/A,74,57,10,3,5,5,2,3,683,1,,,
5125830,N,34040111,Runway Reef,4,23,2017,4/23/2017,N/A,N/A,45,7,4,6,6,3,3,683,1,,,
5124884,E,34040018,Victory Reef,4,23,2017,4/23/2017,N/A,74,49,9,3,7,7,3,3,683,1,,,
5125076,E,34040002,Alligator Reef (Florida Keys),4,26,2017,4/26/2017,N/A,75,121,11,4,4,4,3,1,683,1,,,
5125130,N,34040002,Alligator Reef (Florida Keys),4,26,2017,4/26/2017,80,79,88,10,3,4,4,3,3,683,1,,,
5125531,N,34040002,Alligator Reef (Florida Keys),4,26,2017,4/26/2017,N/A,77,112,10,4,4,4,3,1,683,1,,,
5125832,N,34040002,Alligator Reef (Florida Keys),4,26,2017,4/26/2017,N/A,N/A,120,7,4,4,4,3,6,683,1,,,
5125841,N,34040002,Alligator Reef (Florida Keys),4,26,2017,4/26/2017,79,79,124,11,3,4,4,3,2,683,1,,,
5125648,E,34050001,Sombrero Reef / Light,5,10,2017,5/10/2017,N/A,79,60,11,3,4,4,2,2,683,1,,,
5125854,N,34030185,Catacombs,5,13,2017,5/13/2017,78,78,58,14,4,6,6,2,2,683,1,,,
5132450,E,34030003,South Ledges/Undersea Highway E3,5,15,2017,5/15/2017,78,78,62,9,5,4,4,3,2,683,1,,,
5126003,E,34040002,Alligator Reef (Florida Keys),5,17,2017,5/17/2017,79,N/A,131,14,3,4,4,3,2,683,1,,,
5126618,N,34030097,"Barge at Markers coming out of Garden Cove, Key La",5,27,2017,5/27/2017,N/A,N/A,15,9,4,2,3,3,10,683,1,,,
5130923,N,34030003,South Ledges/Undersea Highway E3,6,4,2017,6/4/2017,N/A,83,60,15,4,5,5,3,2,683,1,,,
5138827,N,34030003,South Ledges/Undersea Highway E3,6,4,2017,6/4/2017,83,83,63,16,4,5,5,2,2,683,1,,,
5127602,E,34040002,Alligator Reef (Florida Keys),6,15,2017,6/15/2017,N/A,81,92,14,2,4,4,2,1,683,1,,,
5128439,N,34030011,Benwood Wreck,6,23,2017,6/23/2017,82,82,58,11,3,5,5,3,10,683,1,,,
5128231,N,34060010,Looe Key - Marker 10,6,27,2017,6/27/2017,85,85,90,9,2,4,4,2,2,683,1,,,
5128367,N,34040031,Pillars of Atlantis,6,27,2017,6/27/2017,N/A,85,50,10,3,4,4,3,3,683,1,,,
5128455,N,34060021,Looe Key - Marker 19 / Shark Alley,7,2,2017,7/2/2017,85,85,60,11,2,4,4,2,2,683,1,,,
5132106,N,34040002,Alligator Reef (Florida Keys),7,8,2017,7/8/2017,N/A,N/A,60,10,4,5,5,3,1,683,1,,,
5129962,E,34040021,Fish Bowl / Hamm / Ham,7,12,2017,7/12/2017,81,81,63,11,3,6,7,2,3,683,1,,,
5130012,E,34040021,Fish Bowl / Hamm / Ham,7,12,2017,7/12/2017,81,81,64,11,3,6,8,2,1,683,1,,,
5132094,N,34040002,Alligator Reef (Florida Keys),7,15,2017,7/15/2017,N/A,N/A,75,12,4,5,5,3,1,683,1,,,
5142507,E,34030072,Christmas Reef (deep site off Molasses),7,21,2017,7/21/2017,N/A,81,61,19,3,7,8,3,3,683,1,,,
5130162,N,34040138,Grumpy / Captain Grumpy (Islamorada),7,21,2017,7/21/2017,86,86,60,10,4,4,4,2,3,683,1,,,
5130776,N,34040138,Grumpy / Captain Grumpy (Islamorada),7,31,2017,7/31/2017,84,84,50,11,2,4,4,2,3,683,1,,,
5131373,N,34030008,French Reef,8,27,2017,8/27/2017,84,86,50,14,3,5,7,2,2,683,1,,,
5132343,N,34030026,Duane Wreck,9,23,2017,9/23/2017,85,N/A,27,11,3,9,10,2,10,683,1,,,
5132624,E,34040233,Kaily's Corner,9,30,2017,9/30/2017,N/A,84,57,13,3,7,8,3,3,683,1,,,
5133364,N,34040163,Islamorada Fingers,10,16,2017,10/16/2017,N/A,85,63,15,2,6,7,2,1,683,1,,,
5133442,N,34030022,The Fingers E3,10,16,2017,10/16/2017,N/A,84,62,15,3,7,8,2,1,683,1,,,
5133524,E,34050093,Dustan Rocks (Marathon),10,18,2017,10/18/2017,N/A,82,81,13,2,3,4,3,3,683,1,,,
5134784,N,34030060,Triangles 25,11,19,2017,11/19/2017,79,N/A,35,15,1,1,1,2,3,683,1,,,
5134793,E,34040002,Alligator Reef (Florida Keys),11,29,2017,11/29/2017,N/A,78,63,14,3,4,4,3,6,683,1,,,
5144417,E,34080046,Marker I (Toppino's Reef),12,6,2017,12/6/2017,N/A,78,55,16,1,3,4,3,3,683,1,,,
5135026,N,34030043,Spikes Ridge (off Elbow),12,8,2017,12/8/2017,N/A,N/A,61,10,4,5,5,3,2,683,1,,,
5135473,N,34030043,Spikes Ridge (off Elbow),12,8,2017,12/8/2017,N/A,76,63,10,3,4,5,3,2,683,1,,,
5135021,N,34030033,The Slab,12,8,2017,12/8/2017,N/A,78,62,11,3,5,5,3,2,683,1,,,
5135027,N,34030033,The Slab,12,8,2017,12/8/2017,N/A,N/A,61,11,4,5,5,3,2,683,1,,,
5139165,N,34030033,The Slab,12,8,2017,12/8/2017,79,79,62,11,3,5,5,3,1,683,1,,,
5135081,N,34030011,Benwood Wreck,12,9,2017,12/9/2017,79,N/A,58,9,3,5,5,2,10,683,1,,,
5147234,E,34030038,Spiegel Grove Wreck,12,9,2017,12/9/2017,N/A,78,31,9,4,7,11,2,10,683,1,,,
5135291,E,34040045,Canyon Lands,12,15,2017,12/15/2017,N/A,72,44,14,3,7,7,2,2,683,1,,,
5135374,E,34040047,Carlos Wall,12,18,2017,12/18/2017,N/A,73,51,13,4,9,11,2,4,683,1,,,
5136837,E,34030149,Christmas Tree Cave ( near Buoy F3),1,23,2018,1/23/2018,72,72,50,9,3,4,4,3,2,683,1,,,
5136853,N,34030149,Christmas Tree Cave ( near Buoy F3),1,23,2018,1/23/2018,80,74,52,9,3,5,5,3,2,683,1,,,
5136875,N,34030149,Christmas Tree Cave ( near Buoy F3),1,23,2018,1/23/2018,N/A,75,52,9,3,4,4,3,2,683,1,,,
5141305,E,34030008,French Reef,1,24,2018,1/24/2018,74,74,50,9,3,4,4,3,2,683,1,,,
5137376,E,34040002,Alligator Reef (Florida Keys),2,17,2018,2/17/2018,N/A,77,57,16,3,4,4,3,6,683,1,,,
5137692,N,34030182,Fire Coral Caves / Permit Ledges M1,2,18,2018,2/18/2018,N/A,N/A,45,9,3,4,6,3,2,683,1,,,
5138276,N,34080009,Nine Foot Stake,3,20,2018,3/20/2018,80,77,41,9,2,3,4,1,3,683,1,,,
5139418,N,34030005,Key Largo Dry Rocks (Christ Statue),3,23,2018,3/23/2018,N/A,75,45,14,2,3,4,3,2,683,1,,,
5139452,E,34040007,Wreck of the Eagle,4,28,2018,4/28/2018,N/A,75,36,9,3,9,11,2,10,683,1,,,
5139406,N,34040040,Channel 5 Bridge (N),4,29,2018,4/29/2018,N/A,82,27,12,2,3,3,1,10,683,1,,,
5139743,E,34040047,Carlos Wall,5,11,2018,5/11/2018,N/A,77,39,9,3,8,11,3,5,683,1,,,
5139676,E,34040072,Merkel Hassenfasser,5,12,2018,5/12/2018,N/A,77,51,10,3,5,5,3,1,683,1,,,
5139748,E,34040072,Merkel Hassenfasser,5,12,2018,5/12/2018,N/A,77,64,10,3,5,6,3,3,683,1,,,
5140939,N,34040167,Labyrinth,6,2,2018,6/2/2018,80,80,45,11,2,4,4,2,3,683,1,,,
5140941,N,34040167,Labyrinth,6,5,2018,6/5/2018,80,80,45,10,3,4,4,2,3,683,1,,,
5140811,N,34030018,Horseshoe Reef (Key Largo),6,6,2018,6/6/2018,82,81,52,16,3,4,4,3,2,683,1,,,
5141248,E,34030018,Horseshoe Reef (Key Largo),6,6,2018,6/6/2018,80,80,52,16,3,4,4,3,2,683,1,,,
5140908,N,34030033,The Slab,6,9,2018,6/9/2018,N/A,81,60,16,4,5,5,2,2,683,1,,,
5141474,N,34060016,Looe Key SPA - unspecified location,6,15,2018,6/15/2018,N/A,N/A,60,10,3,1,1,3,2,683,1,,,
5141870,N,34040031,Pillars of Atlantis,6,18,2018,6/18/2018,84,84,50,22,3,4,4,3,10,683,1,,,
5142119,N,34030001,Anchor Chain E6,6,24,2018,6/24/2018,85,84,57,10,3,4,4,3,2,683,1,,,
5142120,N,34030002,South South Ledges E2,6,24,2018,6/24/2018,86,85,58,11,3,4,5,2,2,683,1,,,
5144051,E,34030011,Benwood Wreck,6,26,2018,6/26/2018,N/A,84,68,11,4,5,6,2,10,683,1,,,
5141835,E,34030021,Carysfort Deep Ledge,6,27,2018,6/27/2018,82,82,70,9,4,5,9,3,1,683,1,,,
5142504,E,34030006,Carysfort Reef,6,27,2018,6/27/2018,N/A,82,65,9,3,5,9,3,2,683,1,,,
5144130,E,34030006,Carysfort Reef,6,27,2018,6/27/2018,N/A,84,66,9,3,5,9,3,2,683,1,,,
5141892,N,34040134,Conch Wall,6,27,2018,6/27/2018,86,84,39,14,3,7,11,1,5,683,1,,,
5142034,N,34030012,Johnny's Spot (Carysfort Reef),6,27,2018,6/27/2018,N/A,86,70,11,3,3,4,3,2,683,1,,,
5142098,N,34040166,The Landing Strip,6,30,2018,6/30/2018,83,81,35,10,4,4,4,3,6,683,1,,,
5143276,N,34040163,Islamorada Fingers,7,1,2018,7/1/2018,N/A,85,67,11,4,6,8,3,2,683,1,,,
5143596,N,34040163,Islamorada Fingers,7,1,2018,7/1/2018,85,85,67,11,4,6,8,3,2,683,1,,,
5142244,E,34040025,The Garden (Rocky Top Reef),7,4,2018,7/4/2018,N/A,86,133,11,4,4,4,3,1,683,1,,,
5142520,E,34040025,The Garden (Rocky Top Reef),7,4,2018,7/4/2018,N/A,85,135,11,4,4,4,3,2,683,1,,,
5144552,N,34040263,Sophie's Choice,7,13,2018,7/13/2018,86,N/A,115,3,4,4,5,2,1,683,1,,,
5146667,N,34030241,Rob's Nob,7,15,2018,7/15/2018,87,87,61,7,3,3,4,3,2,683,1,,,
5143597,N,34040263,Sophie's Choice,7,17,2018,7/17/2018,86,N/A,115,14,3,3,3,3,1,683,1,,,
5143861,N,34040166,The Landing Strip,7,21,2018,7/21/2018,86,86,60,10,2,4,5,2,3,683,1,,,
5144017,N,34070011,Duck Key / Hawk's Key Channel,8,4,2018,8/4/2018,84,N/A,60,8,1,1,1,1,7,683,1,,,
5144016,N,34070011,Duck Key / Hawk's Key Channel,8,7,2018,8/7/2018,84,N/A,45,7,1,1,1,1,7,683,1,,,
5149023,E,34040172,Jeri's Joint,8,18,2018,8/18/2018,N/A,N/A,68,9,4,6,7,3,3,683,1,,,
5144387,E,34060008,Looe Key - Marker 16,8,22,2018,8/22/2018,N/A,85,67,11,4,4,4,3,2,683,1,,,
5146235,N,34040002,Alligator Reef (Florida Keys),9,11,2018,9/11/2018,78,78,96,7,3,3,3,2,3,683,1,,,
5145390,E,34040002,Alligator Reef (Florida Keys),9,13,2018,9/13/2018,N/A,86,160,16,4,4,4,3,1,683,1,,,
5146613,N,34040002,Alligator Reef (Florida Keys),9,13,2018,9/13/2018,85,85,160,16,3,3,4,3,2,683,1,,,
5146298,N,34040003,Davis Reef,9,19,2018,9/19/2018,87,85,45,9,2,4,5,2,1,683,1,,,
5169603,N,34040002,Alligator Reef (Florida Keys),9,21,2018,9/21/2018,87,85,59,11,4,4,4,3,3,683,1,,,
5145712,N,34040172,Jeri's Joint,9,21,2018,9/21/2018,N/A,N/A,44,9,3,7,8,3,3,683,1,,,
5146308,E,34040172,Jeri's Joint,9,21,2018,9/21/2018,N/A,86,52,9,3,7,8,3,3,683,1,,,
5146480,E,34040172,Jeri's Joint,9,21,2018,9/21/2018,82,85,58,9,3,6,8,3,2,683,1,,,
5145800,E,34040045,Canyon Lands,9,22,2018,9/22/2018,86,86,57,9,3,6,8,3,6,683,1,,,
5147867,E,34040045,Canyon Lands,9,22,2018,9/22/2018,86,86,62,9,2,6,7,3,2,683,1,,,
5169805,N,34040045,Canyon Lands,9,22,2018,9/22/2018,88,86,57,9,3,6,7,3,3,683,1,,,
5146067,E,34040131,Canyons,9,22,2018,9/22/2018,N/A,86,57,9,4,6,6,3,3,683,1,,,
5146718,N,34030004,Grecian Rocks (buoy 12),9,22,2018,9/22/2018,83,83,64,10,3,4,4,3,2,683,1,,,
5148944,N,34030004,Grecian Rocks (buoy 12),9,22,2018,9/22/2018,N/A,86,63,9,3,4,4,3,2,683,1,,,
5145876,E,34030241,Rob's Nob,9,22,2018,9/22/2018,84,86,60,12,3,4,4,2,1,683,1,,,
5161084,N,34030241,Rob's Nob,9,22,2018,9/22/2018,N/A,84,60,11,3,3,4,3,1,683,1,,,
5146916,E,34040002,Alligator Reef (Florida Keys),10,21,2018,10/21/2018,N/A,83,60,15,3,4,4,3,1,683,1,,,
5147004,E,34040002,Alligator Reef (Florida Keys),10,24,2018,10/24/2018,N/A,82,84,15,4,4,4,3,1,683,1,,,
5147003,E,34040264,BlackBuck,10,24,2018,10/24/2018,N/A,82,87,13,3,4,4,3,1,683,1,,,
5147720,E,34040264,BlackBuck,10,24,2018,10/24/2018,82,82,90,14,4,4,4,3,1,683,1,,,
5147002,E,34040040,Channel 5 Bridge (N),10,24,2018,10/24/2018,N/A,82,26,11,2,3,3,2,10,683,1,,,
5147247,E,34030237,Carysfort Shark Dive,11,3,2018,11/3/2018,N/A,81,57,14,3,8,9,3,2,683,1,,,
5147436,N,34030011,Benwood Wreck,11,6,2018,11/6/2018,80,81,51,14,2,5,6,2,10,683,1,,,
5147623,N,34030071,Snapper Ledge,11,11,2018,11/11/2018,80,81,54,14,3,4,5,2,6,683,1,,,
5148360,N,34030011,Benwood Wreck,12,4,2018,12/4/2018,75,78,50,14,3,5,6,2,10,683,1,,,
5154854,N,34040265,Crocker Reef Ball 1,1,2,2019,1/2/2019,N/A,75,45,14,3,5,6,2,4,683,1,,,
5154858,N,34040003,Davis Reef,1,3,2019,1/3/2019,N/A,75,45,13,3,4,4,1,2,683,1,,,
5154857,N,34040012,"Pocket, The",1,3,2019,1/3/2019,N/A,75,44,10,3,5,6,2,2,683,1,,,
5150880,E,34040002,Alligator Reef (Florida Keys),2,1,2019,2/1/2019,N/A,72,55,13,3,3,3,3,6,683,1,,,
5151043,N,34030071,Snapper Ledge,2,1,2019,2/1/2019,N/A,N/A,50,10,4,7,7,3,3,683,1,,,
5151783,E,34030179,French Ledge / F12 / Woodys Ledge (French Reef),2,23,2019,2/23/2019,79,79,59,12,2,5,6,3,2,683,1,,,
5153978,N,34080009,Nine Foot Stake,4,18,2019,4/18/2019,78,78,45,18,3,4,4,2,2,683,1,,,
5155515,N,34040003,Davis Reef,5,2,2019,5/2/2019,82,82,54,11,4,4,4,2,2,683,1,,,
5154280,N,34030002,South South Ledges E2,5,3,2019,5/3/2019,N/A,79,55,10,3,4,5,1,2,683,1,,,
5154284,N,34030002,South South Ledges E2,5,3,2019,5/3/2019,78,N/A,55,10,3,4,4,2,2,683,1,,,
5155147,N,34040031,Pillars of Atlantis,5,25,2019,5/25/2019,80,80,56,12,3,4,4,2,2,683,1,,,
5155208,N,34040031,Pillars of Atlantis,5,25,2019,5/25/2019,N/A,78,57,12,3,4,4,2,10,683,1,,,
5168296,E,34030084,Pinnacles near French,6,7,2019,6/7/2019,N/A,80,70,14,2,6,6,2,2,683,1,,,
5157854,N,34040175,Jason's Cove,6,9,2019,6/9/2019,N/A,80,47,13,3,5,6,2,3,683,1,,,
5156178,N,34060008,Looe Key - Marker 16,6,15,2019,6/15/2019,83,83,35,9,3,4,4,2,2,683,1,,,
5156623,N,34030071,Snapper Ledge,6,20,2019,6/20/2019,82,82,60,13,4,4,4,2,3,683,1,,,
5156714,N,34050004,Coffins Patch,6,22,2019,6/22/2019,83,N/A,90,13,2,1,1,1,2,683,1,,,
5163943,N,34040265,Crocker Reef Ball 1,6,27,2019,6/27/2019,N/A,84,49,14,3,5,6,2,4,683,1,,,
5156845,N,34040031,Pillars of Atlantis,7,2,2019,7/2/2019,84,84,39,10,4,4,4,3,2,683,1,,,
5156920,N,34040071,Tennessee Reef Inshore Snorkel,7,2,2019,7/2/2019,81,81,50,10,3,4,4,2,3,683,1,,,
5157115,N,34030168,Aquarium (Molasses Reef),7,5,2019,7/5/2019,85,87,53,14,3,4,5,2,2,683,1,,,
5166879,N,34030011,Benwood Wreck,7,16,2019,7/16/2019,N/A,N/A,55,20,3,5,6,2,10,683,1,,,
5166880,N,34030011,Benwood Wreck,7,18,2019,7/18/2019,N/A,N/A,45,20,2,5,6,3,10,683,1,,,
5157781,N,34040003,Davis Reef,7,18,2019,7/18/2019,86,86,60,12,3,4,4,3,2,683,1,,,
5158226,N,34030097,"Barge at Markers coming out of Garden Cove, Key La",7,26,2019,7/26/2019,90,90,20,17,2,1,1,2,10,683,1,,,
5158369,N,34040025,The Garden (Rocky Top Reef),8,4,2019,8/4/2019,86,86,53,10,4,4,4,3,2,683,1,,,
5159754,N,34040163,Islamorada Fingers,9,5,2019,9/5/2019,N/A,84,35,13,2,7,7,2,3,683,1,,,
5159745,N,34040161,Lots O' Fish / The Maze,9,5,2019,9/5/2019,86,86,49,14,2,4,4,1,2,683,1,,,
5160859,N,34040160,Staghorn Forest,9,28,2019,9/28/2019,84,84,55,15,3,4,6,2,3,683,1,,,
5161651,N,34030013,Mike's Wreck / Hannah Bell / Seneca E6/7,10,16,2019,10/16/2019,N/A,85,60,7,4,3,4,3,3,683,1,,,
5161530,E,34030248,Carysfort Reef #3,10,18,2019,10/18/2019,84,84,65,9,3,5,8,3,2,683,1,,,
5168121,E,34030248,Carysfort Reef #3,10,18,2019,10/18/2019,84,84,67,9,3,5,8,3,2,683,1,,,
5161878,E,34040163,Islamorada Fingers,10,18,2019,10/18/2019,84,N/A,51,9,5,6,9,3,3,683,1,,,
5162509,N,34040004,Conch Reef,11,12,2019,11/12/2019,80,80,49,14,3,4,4,2,6,683,1,,,
5163188,N,34030028,Minnow Caves / North Dry Rocks,11,27,2019,11/27/2019,79,79,53,15,3,3,4,3,2,683,1,,,
5163689,N,34080014,Cayman Salvor,12,7,2019,12/7/2019,78,78,40,15,2,9,10,2,10,683,1,,,
5165183,N,34080170,FKNMS Office,1,12,2020,1/12/2020,73,72,62,14,1,4,5,3,10,683,1,,,
5167430,N,34040163,Islamorada Fingers,3,21,2020,3/21/2020,N/A,N/A,45,15,3,7,8,3,2,683,1,,,
5167468,E,34040163,Islamorada Fingers,3,21,2020,3/21/2020,N/A,76,45,14,3,6,7,3,3,683,1,,,
5169102,E,34030043,Spikes Ridge (off Elbow),6,9,2020,6/9/2020,82,82,63,11,4,5,5,2,3,683,1,,,
5169062,N,34030033,The Slab,6,9,2020,6/9/2020,N/A,82,61,9,4,5,5,2,2,683,1,,,
5169198,N,34030033,The Slab,6,9,2020,6/9/2020,83,83,61,10,4,5,5,2,2,683,1,,,
5169086,N,34040067,Boink West,6,13,2020,6/13/2020,85,83,30,12,3,5,6,2,3,683,1,,,
5169085,N,34040167,Labyrinth,6,13,2020,6/13/2020,85,84,40,14,3,4,4,2,3,683,1,,,
5169059,N,34030241,Rob's Nob,6,13,2020,6/13/2020,N/A,84,60,14,4,4,4,3,2,683,1,,,
5169122,N,34030241,Rob's Nob,6,13,2020,6/13/2020,83,83,59,14,5,4,4,2,2,683,1,,,
5169118,N,34040067,Boink West,6,14,2020,6/14/2020,78,78,60,12,4,7,7,3,3,683,1,,,
5169117,N,34040167,Labyrinth,6,14,2020,6/14/2020,78,78,45,14,4,4,4,2,3,683,1,,,
5170005,N,34040166,The Landing Strip,6,18,2020,6/18/2020,84,84,60,15,3,4,5,3,3,683,1,,,
5169497,N,34040031,Pillars of Atlantis,6,24,2020,6/24/2020,83,83,60,10,3,4,4,2,10,683,1,,,
5170500,N,34080008,Eastern Dry Rocks Shallow,6,29,2020,6/29/2020,86,86,58,11,3,4,4,2,2,683,1,,,
5169730,N,34030006,Carysfort Reef,7,10,2020,7/10/2020,85,85,30,10,4,4,5,3,2,683,1,,,
5169919,N,34030071,Snapper Ledge,7,16,2020,7/16/2020,87,86,50,15,4,4,5,2,2,683,1,,,
5170507,N,34040132,Davey Crocker,7,23,2020,7/23/2020,84,84,22,11,2,3,4,3,2,683,1,,,
5170505,N,34040067,Boink West,7,26,2020,7/26/2020,85,85,47,10,3,5,6,3,3,683,1,,,
5170245,N,34030033,The Slab,7,30,2020,7/30/2020,N/A,N/A,60,14,3,4,5,2,2,683,1,,,
5170506,N,34080001,Western Sambo,7,30,2020,7/30/2020,88,88,60,9,3,4,4,3,2,683,1,,,
5170496,N,34040067,Boink West,8,2,2020,8/2/2020,86,86,48,10,3,5,6,3,3,683,1,,,
5170674,N,34040018,Victory Reef,8,9,2020,8/9/2020,86,86,50,10,4,5,6,3,3,683,1,,,
5170641,N,34040111,Runway Reef,8,10,2020,8/10/2020,86,85,50,11,4,5,6,3,2,683,1,,,
5171038,N,34060007,Looe Key - Marker 24,8,12,2020,8/12/2020,88,88,52,10,2,3,4,3,3,683,1,,,
5170760,E,34030011,Benwood Wreck,8,13,2020,8/13/2020,N/A,86,62,9,3,4,5,2,10,683,1,,,
5170847,N,34030033,The Slab,8,14,2020,8/14/2020,N/A,85,64,9,3,5,5,3,2,683,1,,,
5171103,N,34030150,Captain Arnos,8,19,2020,8/19/2020,86,86,50,10,4,4,5,2,3,683,1,,,
5171107,E,34040134,Conch Wall,8,19,2020,8/19/2020,88,87,38,14,4,8,9,1,5,683,1,,,
5172774,E,34060024,Looe Key Marker 5,10,1,2020,10/1/2020,86,86,54,14,2,4,4,3,2,683,1,,,
5173905,E,34040104,Forty Foot Ledge,11,13,2020,11/13/2020,N/A,79,55,16,2,6,6,2,6,683,1,,,
5173973,E,34040019,Crocker Reef,11,14,2020,11/14/2020,N/A,80,57,17,3,4,4,3,3,683,1,,,
5174129,E,34040270,Victory Reef coral project,11,17,2020,11/17/2020,N/A,N/A,50,9,3,6,7,3,2,683,1,,,
5174131,N,34040270,Victory Reef coral project,11,17,2020,11/17/2020,70,N/A,50,9,4,6,7,3,3,683,1,,,
5174684,E,34030179,French Ledge / F12 / Woodys Ledge (French Reef),12,17,2020,12/17/2020,75,77,40,14,3,6,7,2,2,683,1,,,
5175298,N,34040002,Alligator Reef (Florida Keys),1,7,2021,1/7/2021,N/A,75,45,13,3,3,4,3,6,683,1,,,
5175315,N,34040002,Alligator Reef (Florida Keys),1,7,2021,1/7/2021,75,75,46,13,3,3,4,3,6,683,1,,,
5175345,E,34040002,Alligator Reef (Florida Keys),1,7,2021,1/7/2021,N/A,75,44,13,3,3,4,2,2,683,1,,,
5175572,E,34040112,Reef near Infante Wreck (Little Conch Reef),1,21,2021,1/21/2021,N/A,73,58,9,4,4,5,3,3,683,1,,,
5175606,E,34030175,PT's Ledge,1,23,2021,1/23/2021,N/A,73,63,9,3,4,5,3,3,683,1,,,
5176070,N,34030150,Captain Arnos,2,15,2021,2/15/2021,85,72,50,13,2,6,6,1,1,683,1,,,
